user_id,user_login,role,first_name,last_name,user_nicename,display_name,user_nicename,user_email,user_url,aim,yahoo,jabber,description,user_registered,user_profile_public,user_avatar_display,,facebook,twitter,linkedin,linkedin,pinterest,google_plus,instagram,skype,address,paypal_email,user_contact_form,user_profile_public,openhours_Sun_text,openhours_Sun_start,openhours_Sun_end,openhours_Mon_text,openhours_Mon_start,openhours_Mon_end,openhours_Tue_text,openhours_Tue_start,openhours_Tue_end,openhours_Wed_text,openhours_Wed_start,openhours_Wed_end,openhours_Thu_text,openhours_Thu_start,openhours_Thu_end,openhours_Fri_text,openhours_Fri_start,openhours_Fri_end,openhours_Sat_text,openhours_Sat_start,openhours_Sat_end,tagline,mobile,,landline,fax
6,BryanReed,individuals,Bryan,Reed,BryanReed,Bryan Reed,bryanreed,dum4@chimpgroup.com,http://directory.chimpgroup.com,,,,"That sneered vivaciously that thus hey porpoise uncritical gosh and much and this haughtily broadcast goodness ponderous squid darn in sheepish yet the slapped mildly and adventurously sincere less dalmatian assentingly wherever left ethereal the underneath oh lustily arduously that a groggily some vexedly broadcast sheepish. That sneered vivaciously that thus hey porpoise uncritical gosh and much and this haughtily broadcast goodness ponderous squid darn in sheepish yet the slapped mildly and adventurously sincere less dalmatian assentingly wherever left ethereal the underneath oh lustily arduously that a groggily some vexedly broadcast sheepish.

That sneered vivaciously that thus hey porpoise uncritical gosh and much and this haughtily broadcast goodness ponderous squid darn in sheepish yet the slapped mildly and adventurously sincere less dalmatian assentingly wherever left ethereal the underneath oh lustily arduously that a groggily some vexedly broadcast sheepish.",12/15/2014 10:03,1,http://directory.chimpgroup.com/wp-content/uploads/directory-individuals-user-1.jpg,,#,#,#,#,#,#,,#,229 Test Address Moyers London,test@testemail.com,1,1,Sunday,12:00 PM,12:00 PM,Monday,12:00 PM,12:00 PM,Tuesday,12:00 PM,12:00 PM,Wednesday,12:00 PM,12:00 PM,Thursday,12:00 PM,12:00 PM,Friday,12:00 PM,12:00 PM,Saturday,12:00 PM,12:00 PM,Tag Line Goes Here...,0044 202 123456,,0044 202 123456,0044 202 123456
7,KevinFranklin,individuals,Kevin,Franklin,KevinFranklin,Kevin Franklin,kevinfranklin,dum5@chimpgroup.com,http://directory.chimpgroup.com,,,,"That sneered vivaciously that thus hey porpoise uncritical gosh and much and this haughtily broadcast goodness ponderous squid darn in sheepish yet the slapped mildly and adventurously sincere less dalmatian assentingly wherever left ethereal the underneath oh lustily arduously that a groggily some vexedly broadcast sheepish. That sneered vivaciously that thus hey porpoise uncritical gosh and much and this haughtily broadcast goodness ponderous squid darn in sheepish yet the slapped mildly and adventurously sincere less dalmatian assentingly wherever left ethereal the underneath oh lustily arduously that a groggily some vexedly broadcast sheepish.
That sneered vivaciously that thus hey porpoise uncritical gosh and much and this haughtily broadcast goodness ponderous squid darn in sheepish yet the slapped mildly and adventurously sincere less dalmatian assentingly wherever left ethereal the underneath oh lustily arduously that a groggily some vexedly broadcast sheepish.",12/15/2014 10:03,1,http://directory.chimpgroup.com/wp-content/uploads/directory-individuals-user-2.jpg,,#,#,#,#,#,#,,#,230 Test Address Moyers London,test@testemail.com,1,1,Sunday,1:00 PM,1:00 PM,Monday,1:00 PM,1:00 PM,Tuesday,1:00 PM,1:00 PM,Wednesday,1:00 PM,1:00 PM,Thursday,1:00 PM,1:00 PM,Friday,1:00 PM,1:00 PM,Saturday,1:00 PM,1:00 PM,Tag Line Goes Here...,0044 202 123456,,0044 202 123456,0044 202 123456
8,KellyGordon,individuals,Kelly,Gordon,KellyGordon,Kelly Gordon,kellygordon,dum6@chimpgroup.com,http://directory.chimpgroup.com,,,,"That sneered vivaciously that thus hey porpoise uncritical gosh and much and this haughtily broadcast goodness ponderous squid darn in sheepish yet the slapped mildly and adventurously sincere less dalmatian assentingly wherever left ethereal the underneath oh lustily arduously that a groggily some vexedly broadcast sheepish. That sneered vivaciously that thus hey porpoise uncritical gosh and much and this haughtily broadcast goodness ponderous squid darn in sheepish yet the slapped mildly and adventurously sincere less dalmatian assentingly wherever left ethereal the underneath oh lustily arduously that a groggily some vexedly broadcast sheepish.

That sneered vivaciously that thus hey porpoise uncritical gosh and much and this haughtily broadcast goodness ponderous squid darn in sheepish yet the slapped mildly and adventurously sincere less dalmatian assentingly wherever left ethereal the underneath oh lustily arduously that a groggily some vexedly broadcast sheepish.",12/15/2014 10:03,1,http://directory.chimpgroup.com/wp-content/uploads/directory-individuals-user-3.jpg,,#,#,#,#,#,#,,#,231 Test Address Moyers London,test@testemail.com,1,1,Sunday,2:00 PM,2:00 PM,Monday,2:00 PM,2:00 PM,Tuesday,2:00 PM,2:00 PM,Wednesday,2:00 PM,2:00 PM,Thursday,2:00 PM,2:00 PM,Friday,2:00 PM,2:00 PM,Saturday,2:00 PM,2:00 PM,Tag Line Goes Here...,0044 202 123456,,0044 202 123456,0044 202 123456
9,BethGriffin,individuals,Beth,Griffin,BethGriffin,Beth Griffin,bethgriffin,dum7@chimpgroup.com,http://directory.chimpgroup.com,,,,"That sneered vivaciously that thus hey porpoise uncritical gosh and much and this haughtily broadcast goodness ponderous squid darn in sheepish yet the slapped mildly and adventurously sincere less dalmatian assentingly wherever left ethereal the underneath oh lustily arduously that a groggily some vexedly broadcast sheepish. That sneered vivaciously that thus hey porpoise uncritical gosh and much and this haughtily broadcast goodness ponderous squid darn in sheepish yet the slapped mildly and adventurously sincere less dalmatian assentingly wherever left ethereal the underneath oh lustily arduously that a groggily some vexedly broadcast sheepish.

That sneered vivaciously that thus hey porpoise uncritical gosh and much and this haughtily broadcast goodness ponderous squid darn in sheepish yet the slapped mildly and adventurously sincere less dalmatian assentingly wherever left ethereal the underneath oh lustily arduously that a groggily some vexedly broadcast sheepish.",12/15/2014 10:03,1,http://directory.chimpgroup.com/wp-content/uploads/directory-individuals-user-4.jpg,,#,#,#,#,#,#,,#,232 Test Address Moyers London,test@testemail.com,1,1,Sunday,3:00 PM,3:00 PM,Monday,3:00 PM,3:00 PM,Tuesday,3:00 PM,3:00 PM,Wednesday,3:00 PM,3:00 PM,Thursday,3:00 PM,3:00 PM,Friday,3:00 PM,3:00 PM,Saturday,3:00 PM,3:00 PM,Tag Line Goes Here...,0044 202 123456,,0044 202 123456,0044 202 123456
10,JosephThompson,individuals,Joseph,Thompson,JosephThompson,Joseph Thompson,josephthompson,dum8@chimpgroup.com,http://directory.chimpgroup.com,,,,"That sneered vivaciously that thus hey porpoise uncritical gosh and much and this haughtily broadcast goodness ponderous squid darn in sheepish yet the slapped mildly and adventurously sincere less dalmatian assentingly wherever left ethereal the underneath oh lustily arduously that a groggily some vexedly broadcast sheepish. That sneered vivaciously that thus hey porpoise uncritical gosh and much and this haughtily broadcast goodness ponderous squid darn in sheepish yet the slapped mildly and adventurously sincere less dalmatian assentingly wherever left ethereal the underneath oh lustily arduously that a groggily some vexedly broadcast sheepish.

That sneered vivaciously that thus hey porpoise uncritical gosh and much and this haughtily broadcast goodness ponderous squid darn in sheepish yet the slapped mildly and adventurously sincere less dalmatian assentingly wherever left ethereal the underneath oh lustily arduously that a groggily some vexedly broadcast sheepish.",12/15/2014 10:03,1,http://directory.chimpgroup.com/wp-content/uploads/directory-individuals-user-5.jpg,,#,#,#,#,#,#,,#,233 Test Address Moyers London,test@testemail.com,1,1,Sunday,4:00 PM,4:00 PM,Monday,4:00 PM,4:00 PM,Tuesday,4:00 PM,4:00 PM,Wednesday,4:00 PM,4:00 PM,Thursday,4:00 PM,4:00 PM,Friday,4:00 PM,4:00 PM,Saturday,4:00 PM,4:00 PM,Tag Line Goes Here...,0044 202 123456,,0044 202 123456,0044 202 123456
11,KennethHanson,individuals,Kenneth,Hanson,KennethHanson,Kenneth Hanson,kennethhanson,dum9@chimpgroup.com,http://directory.chimpgroup.com,,,,"That sneered vivaciously that thus hey porpoise uncritical gosh and much and this haughtily broadcast goodness ponderous squid darn in sheepish yet the slapped mildly and adventurously sincere less dalmatian assentingly wherever left ethereal the underneath oh lustily arduously that a groggily some vexedly broadcast sheepish. That sneered vivaciously that thus hey porpoise uncritical gosh and much and this haughtily broadcast goodness ponderous squid darn in sheepish yet the slapped mildly and adventurously sincere less dalmatian assentingly wherever left ethereal the underneath oh lustily arduously that a groggily some vexedly broadcast sheepish.

That sneered vivaciously that thus hey porpoise uncritical gosh and much and this haughtily broadcast goodness ponderous squid darn in sheepish yet the slapped mildly and adventurously sincere less dalmatian assentingly wherever left ethereal the underneath oh lustily arduously that a groggily some vexedly broadcast sheepish.",12/15/2014 10:03,1,http://directory.chimpgroup.com/wp-content/uploads/directory-individuals-user-6.jpg,,#,#,#,#,#,#,,#,234 Test Address Moyers London,test@testemail.com,1,1,Sunday,5:00 PM,5:00 PM,Monday,5:00 PM,5:00 PM,Tuesday,5:00 PM,5:00 PM,Wednesday,5:00 PM,5:00 PM,Thursday,5:00 PM,5:00 PM,Friday,5:00 PM,5:00 PM,Saturday,5:00 PM,5:00 PM,Tag Line Goes Here...,0044 202 123456,,0044 202 123456,0044 202 123456
12,LarryWest,individuals,Larry,West,LarryWest,Larry West,larrywest,dum10@chimpgroup.com,http://directory.chimpgroup.com,,,,"That sneered vivaciously that thus hey porpoise uncritical gosh and much and this haughtily broadcast goodness ponderous squid darn in sheepish yet the slapped mildly and adventurously sincere less dalmatian assentingly wherever left ethereal the underneath oh lustily arduously that a groggily some vexedly broadcast sheepish. That sneered vivaciously that thus hey porpoise uncritical gosh and much and this haughtily broadcast goodness ponderous squid darn in sheepish yet the slapped mildly and adventurously sincere less dalmatian assentingly wherever left ethereal the underneath oh lustily arduously that a groggily some vexedly broadcast sheepish.

That sneered vivaciously that thus hey porpoise uncritical gosh and much and this haughtily broadcast goodness ponderous squid darn in sheepish yet the slapped mildly and adventurously sincere less dalmatian assentingly wherever left ethereal the underneath oh lustily arduously that a groggily some vexedly broadcast sheepish.",12/15/2014 10:03,1,http://directory.chimpgroup.com/wp-content/uploads/directory-individuals-user-8.jpg,,#,#,#,#,#,#,,#,235 Test Address Moyers London,test@testemail.com,1,1,Sunday,6:00 PM,6:00 PM,Monday,6:00 PM,6:00 PM,Tuesday,6:00 PM,6:00 PM,Wednesday,6:00 PM,6:00 PM,Thursday,6:00 PM,6:00 PM,Friday,6:00 PM,6:00 PM,Saturday,6:00 PM,6:00 PM,Tag Line Goes Here...,0044 202 123456,,0044 202 123456,0044 202 123456
13,LauraWells,individuals,Laura,Wells,LauraWells,Laura,laurawells,dum11@chimpgroup.com,http://directory.chimpgroup.com,,,,"That sneered vivaciously that thus hey porpoise uncritical gosh and much and this haughtily broadcast goodness ponderous squid darn in sheepish yet the slapped mildly and adventurously sincere less dalmatian assentingly wherever left ethereal the underneath oh lustily arduously that a groggily some vexedly broadcast sheepish. That sneered vivaciously that thus hey porpoise uncritical gosh and much and this haughtily broadcast goodness ponderous squid darn in sheepish yet the slapped mildly and adventurously sincere less dalmatian assentingly wherever left ethereal the underneath oh lustily arduously that a groggily some vexedly broadcast sheepish.

That sneered vivaciously that thus hey porpoise uncritical gosh and much and this haughtily broadcast goodness ponderous squid darn in sheepish yet the slapped mildly and adventurously sincere less dalmatian assentingly wherever left ethereal the underneath oh lustily arduously that a groggily some vexedly broadcast sheepish.",12/15/2014 10:03,1,http://directory.chimpgroup.com/wp-content/uploads/directory-individuals-user-9.jpg,,#,#,#,#,#,#,,#,236 Test Address Moyers London,test@testemail.com,1,1,Sunday,7:00 PM,7:00 PM,Monday,7:00 PM,7:00 PM,Tuesday,7:00 PM,7:00 PM,Wednesday,7:00 PM,7:00 PM,Thursday,7:00 PM,7:00 PM,Friday,7:00 PM,7:00 PM,Saturday,7:00 PM,7:00 PM,Tag Line Goes Here...,0044 202 123456,,0044 202 123456,0044 202 123456
14,DannyAnderson,individuals,Danny,Anderson,DannyAnderson,Danny Anderson,dannyanderson,dum12@chimpgroup.com,http://directory.chimpgroup.com,,,,"That sneered vivaciously that thus hey porpoise uncritical gosh and much and this haughtily broadcast goodness ponderous squid darn in sheepish yet the slapped mildly and adventurously sincere less dalmatian assentingly wherever left ethereal the underneath oh lustily arduously that a groggily some vexedly broadcast sheepish. That sneered vivaciously that thus hey porpoise uncritical gosh and much and this haughtily broadcast goodness ponderous squid darn in sheepish yet the slapped mildly and adventurously sincere less dalmatian assentingly wherever left ethereal the underneath oh lustily arduously that a groggily some vexedly broadcast sheepish.

That sneered vivaciously that thus hey porpoise uncritical gosh and much and this haughtily broadcast goodness ponderous squid darn in sheepish yet the slapped mildly and adventurously sincere less dalmatian assentingly wherever left ethereal the underneath oh lustily arduously that a groggily some vexedly broadcast sheepish.",12/15/2014 10:03,1,http://directory.chimpgroup.com/wp-content/uploads/directory-individuals-user-10.jpg,,#,#,#,#,#,#,,#,237 Test Address Moyers London,test@testemail.com,1,1,Sunday,8:00 PM,8:00 PM,Monday,8:00 PM,8:00 PM,Tuesday,8:00 PM,8:00 PM,Wednesday,8:00 PM,8:00 PM,Thursday,8:00 PM,8:00 PM,Friday,8:00 PM,8:00 PM,Saturday,8:00 PM,8:00 PM,Tag Line Goes Here...,0044 202 123456,,0044 202 123456,0044 202 123456
15,WalterScott,individuals,Walter,Scott,WalterScott,Walter Scott,walterscott,dum13@chimpgroup.com,http://directory.chimpgroup.com,,,,"That sneered vivaciously that thus hey porpoise uncritical gosh and much and this haughtily broadcast goodness ponderous squid darn in sheepish yet the slapped mildly and adventurously sincere less dalmatian assentingly wherever left ethereal the underneath oh lustily arduously that a groggily some vexedly broadcast sheepish. That sneered vivaciously that thus hey porpoise uncritical gosh and much and this haughtily broadcast goodness ponderous squid darn in sheepish yet the slapped mildly and adventurously sincere less dalmatian assentingly wherever left ethereal the underneath oh lustily arduously that a groggily some vexedly broadcast sheepish.

That sneered vivaciously that thus hey porpoise uncritical gosh and much and this haughtily broadcast goodness ponderous squid darn in sheepish yet the slapped mildly and adventurously sincere less dalmatian assentingly wherever left ethereal the underneath oh lustily arduously that a groggily some vexedly broadcast sheepish.",12/15/2014 10:03,1,http://directory.chimpgroup.com/wp-content/uploads/directory-individuals-user-11.jpg,,#,#,#,#,#,#,,#,238 Test Address Moyers London,test@testemail.com,1,1,Sunday,9:00 PM,9:00 PM,Monday,9:00 PM,9:00 PM,Tuesday,9:00 PM,9:00 PM,Wednesday,9:00 PM,9:00 PM,Thursday,9:00 PM,9:00 PM,Friday,9:00 PM,9:00 PM,Saturday,9:00 PM,9:00 PM,Tag Line Goes Here...,0044 202 123456,,0044 202 123456,0044 202 123456
16,ScottKennedy,individuals,Scott,Kennedy,ScottKennedy,Scott Kennedy,scottkennedy,dum14@chimpgroup.com,http://directory.chimpgroup.com,,,,"That sneered vivaciously that thus hey porpoise uncritical gosh and much and this haughtily broadcast goodness ponderous squid darn in sheepish yet the slapped mildly and adventurously sincere less dalmatian assentingly wherever left ethereal the underneath oh lustily arduously that a groggily some vexedly broadcast sheepish. That sneered vivaciously that thus hey porpoise uncritical gosh and much and this haughtily broadcast goodness ponderous squid darn in sheepish yet the slapped mildly and adventurously sincere less dalmatian assentingly wherever left ethereal the underneath oh lustily arduously that a groggily some vexedly broadcast sheepish.

That sneered vivaciously that thus hey porpoise uncritical gosh and much and this haughtily broadcast goodness ponderous squid darn in sheepish yet the slapped mildly and adventurously sincere less dalmatian assentingly wherever left ethereal the underneath oh lustily arduously that a groggily some vexedly broadcast sheepish.",12/15/2014 10:03,1,http://directory.chimpgroup.com/wp-content/uploads/directory-individuals-user-12.jpg,,#,#,#,#,#,#,,#,239 Test Address Moyers London,test@testemail.com,1,1,Sunday,10:00 PM,10:00 PM,Monday,10:00 PM,10:00 PM,Tuesday,10:00 PM,10:00 PM,Wednesday,10:00 PM,10:00 PM,Thursday,10:00 PM,10:00 PM,Friday,10:00 PM,10:00 PM,Saturday,10:00 PM,10:00 PM,Tag Line Goes Here...,0044 202 123456,,0044 202 123456,0044 202 123456
17,GlennFuller,individuals,Glenn,Fuller,GlennFuller,Glenn Fuller,glennfuller,dum15@chimpgroup.com,http://directory.chimpgroup.com,,,,"That sneered vivaciously that thus hey porpoise uncritical gosh and much and this haughtily broadcast goodness ponderous squid darn in sheepish yet the slapped mildly and adventurously sincere less dalmatian assentingly wherever left ethereal the underneath oh lustily arduously that a groggily some vexedly broadcast sheepish. That sneered vivaciously that thus hey porpoise uncritical gosh and much and this haughtily broadcast goodness ponderous squid darn in sheepish yet the slapped mildly and adventurously sincere less dalmatian assentingly wherever left ethereal the underneath oh lustily arduously that a groggily some vexedly broadcast sheepish.

That sneered vivaciously that thus hey porpoise uncritical gosh and much and this haughtily broadcast goodness ponderous squid darn in sheepish yet the slapped mildly and adventurously sincere less dalmatian assentingly wherever left ethereal the underneath oh lustily arduously that a groggily some vexedly broadcast sheepish.",12/15/2014 10:03,1,http://directory.chimpgroup.com/wp-content/uploads/directory-individuals-user-24.jpg,,#,#,#,#,#,#,,#,240 Test Address Moyers London,test@testemail.com,1,1,Sunday,11:00 PM,11:00 PM,Monday,11:00 PM,11:00 PM,Tuesday,11:00 PM,11:00 PM,Wednesday,11:00 PM,11:00 PM,Thursday,11:00 PM,11:00 PM,Friday,11:00 PM,11:00 PM,Saturday,11:00 PM,11:00 PM,Tag Line Goes Here...,0044 202 123456,,0044 202 123456,0044 202 123456
18,PhillipPerkins,individuals,Phillip,Perkins,PhillipPerkins,Phillip Perkins,phillipperkins,dum16@chimpgroup.com,http://directory.chimpgroup.com,,,,"That sneered vivaciously that thus hey porpoise uncritical gosh and much and this haughtily broadcast goodness ponderous squid darn in sheepish yet the slapped mildly and adventurously sincere less dalmatian assentingly wherever left ethereal the underneath oh lustily arduously that a groggily some vexedly broadcast sheepish. That sneered vivaciously that thus hey porpoise uncritical gosh and much and this haughtily broadcast goodness ponderous squid darn in sheepish yet the slapped mildly and adventurously sincere less dalmatian assentingly wherever left ethereal the underneath oh lustily arduously that a groggily some vexedly broadcast sheepish.

That sneered vivaciously that thus hey porpoise uncritical gosh and much and this haughtily broadcast goodness ponderous squid darn in sheepish yet the slapped mildly and adventurously sincere less dalmatian assentingly wherever left ethereal the underneath oh lustily arduously that a groggily some vexedly broadcast sheepish.",12/15/2014 10:03,1,http://directory.chimpgroup.com/wp-content/uploads/directory-individuals-user-25.jpg,,#,#,#,#,#,#,,#,241 Test Address Moyers London,test@testemail.com,1,1,Sunday,12:00 AM,12:00 AM,Monday,12:00 AM,12:00 AM,Tuesday,12:00 AM,12:00 AM,Wednesday,12:00 AM,12:00 AM,Thursday,12:00 AM,12:00 AM,Friday,12:00 AM,12:00 AM,Saturday,12:00 AM,12:00 AM,Tag Line Goes Here...,0044 202 123456,,0044 202 123456,0044 202 123456
19,AllenHoward,individuals,Allen,Howard,AllenHoward,Allen Howard,allenhoward,dum17@chimpgroup.com,http://directory.chimpgroup.com,,,,"That sneered vivaciously that thus hey porpoise uncritical gosh and much and this haughtily broadcast goodness ponderous squid darn in sheepish yet the slapped mildly and adventurously sincere less dalmatian assentingly wherever left ethereal the underneath oh lustily arduously that a groggily some vexedly broadcast sheepish. That sneered vivaciously that thus hey porpoise uncritical gosh and much and this haughtily broadcast goodness ponderous squid darn in sheepish yet the slapped mildly and adventurously sincere less dalmatian assentingly wherever left ethereal the underneath oh lustily arduously that a groggily some vexedly broadcast sheepish.

That sneered vivaciously that thus hey porpoise uncritical gosh and much and this haughtily broadcast goodness ponderous squid darn in sheepish yet the slapped mildly and adventurously sincere less dalmatian assentingly wherever left ethereal the underneath oh lustily arduously that a groggily some vexedly broadcast sheepish.",12/15/2014 10:03,1,http://directory.chimpgroup.com/wp-content/uploads/directory-individuals-user-26.jpg,,#,#,#,#,#,#,,#,242 Test Address Moyers London,test@testemail.com,1,1,Sunday,1:00 AM,1:00 AM,Monday,1:00 AM,1:00 AM,Tuesday,1:00 AM,1:00 AM,Wednesday,1:00 AM,1:00 AM,Thursday,1:00 AM,1:00 AM,Friday,1:00 AM,1:00 AM,Saturday,1:00 AM,1:00 AM,Tag Line Goes Here...,0044 202 123456,,0044 202 123456,0044 202 123456
20,BradleyWright,individuals,Bradley,Wright,BradleyWright,Bradley Wright,bradleywright,dum18@chimpgroup.com,http://directory.chimpgroup.com,,,,"That sneered vivaciously that thus hey porpoise uncritical gosh and much and this haughtily broadcast goodness ponderous squid darn in sheepish yet the slapped mildly and adventurously sincere less dalmatian assentingly wherever left ethereal the underneath oh lustily arduously that a groggily some vexedly broadcast sheepish. That sneered vivaciously that thus hey porpoise uncritical gosh and much and this haughtily broadcast goodness ponderous squid darn in sheepish yet the slapped mildly and adventurously sincere less dalmatian assentingly wherever left ethereal the underneath oh lustily arduously that a groggily some vexedly broadcast sheepish.

That sneered vivaciously that thus hey porpoise uncritical gosh and much and this haughtily broadcast goodness ponderous squid darn in sheepish yet the slapped mildly and adventurously sincere less dalmatian assentingly wherever left ethereal the underneath oh lustily arduously that a groggily some vexedly broadcast sheepish.",12/15/2014 10:03,1,http://directory.chimpgroup.com/wp-content/uploads/directory-individuals-user-26.jpg,,#,#,#,#,#,#,,#,243 Test Address Moyers London,test@testemail.com,1,1,Sunday,2:00 AM,2:00 AM,Monday,2:00 AM,2:00 AM,Tuesday,2:00 AM,2:00 AM,Wednesday,2:00 AM,2:00 AM,Thursday,2:00 AM,2:00 AM,Friday,2:00 AM,2:00 AM,Saturday,2:00 AM,2:00 AM,Tag Line Goes Here...,0044 202 123456,,0044 202 123456,0044 202 123456
21,AllenCole,individuals,Allen,Cole,AllenCole,Allen Cole,allencole,dum19@chimpgroup.com,http://directory.chimpgroup.com,,,,"That sneered vivaciously that thus hey porpoise uncritical gosh and much and this haughtily broadcast goodness ponderous squid darn in sheepish yet the slapped mildly and adventurously sincere less dalmatian assentingly wherever left ethereal the underneath oh lustily arduously that a groggily some vexedly broadcast sheepish. That sneered vivaciously that thus hey porpoise uncritical gosh and much and this haughtily broadcast goodness ponderous squid darn in sheepish yet the slapped mildly and adventurously sincere less dalmatian assentingly wherever left ethereal the underneath oh lustily arduously that a groggily some vexedly broadcast sheepish.

That sneered vivaciously that thus hey porpoise uncritical gosh and much and this haughtily broadcast goodness ponderous squid darn in sheepish yet the slapped mildly and adventurously sincere less dalmatian assentingly wherever left ethereal the underneath oh lustily arduously that a groggily some vexedly broadcast sheepish.",12/15/2014 10:03,1,http://directory.chimpgroup.com/wp-content/uploads/directory-individuals-user-27.jpg,,#,#,#,#,#,#,,#,244 Test Address Moyers London,test@testemail.com,1,1,Sunday,3:00 AM,3:00 AM,Monday,3:00 AM,3:00 AM,Tuesday,3:00 AM,3:00 AM,Wednesday,3:00 AM,3:00 AM,Thursday,3:00 AM,3:00 AM,Friday,3:00 AM,3:00 AM,Saturday,3:00 AM,3:00 AM,Tag Line Goes Here...,0044 202 123456,,0044 202 123456,0044 202 123456
22,AndrewLarson,individuals,Andrew,Larson,AndrewLarson,Andrew Larson,andrewlarson,dum20@chimpgroup.com,http://directory.chimpgroup.com,,,,"That sneered vivaciously that thus hey porpoise uncritical gosh and much and this haughtily broadcast goodness ponderous squid darn in sheepish yet the slapped mildly and adventurously sincere less dalmatian assentingly wherever left ethereal the underneath oh lustily arduously that a groggily some vexedly broadcast sheepish. That sneered vivaciously that thus hey porpoise uncritical gosh and much and this haughtily broadcast goodness ponderous squid darn in sheepish yet the slapped mildly and adventurously sincere less dalmatian assentingly wherever left ethereal the underneath oh lustily arduously that a groggily some vexedly broadcast sheepish.

That sneered vivaciously that thus hey porpoise uncritical gosh and much and this haughtily broadcast goodness ponderous squid darn in sheepish yet the slapped mildly and adventurously sincere less dalmatian assentingly wherever left ethereal the underneath oh lustily arduously that a groggily some vexedly broadcast sheepish.",12/15/2014 10:03,1,,,#,#,#,#,#,#,,#,245 Test Address Moyers London,test@testemail.com,1,1,Sunday,4:00 AM,4:00 AM,Monday,4:00 AM,4:00 AM,Tuesday,4:00 AM,4:00 AM,Wednesday,4:00 AM,4:00 AM,Thursday,4:00 AM,4:00 AM,Friday,4:00 AM,4:00 AM,Saturday,4:00 AM,4:00 AM,Tag Line Goes Here...,0044 202 123456,,0044 202 123456,0044 202 123456
23,BarbaraBurns,individuals,Barbara,Burns,BarbaraBurns,Barbara Burns,barbaraburns,dum21@chimpgroup.com,http://directory.chimpgroup.com,,,,"That sneered vivaciously that thus hey porpoise uncritical gosh and much and this haughtily broadcast goodness ponderous squid darn in sheepish yet the slapped mildly and adventurously sincere less dalmatian assentingly wherever left ethereal the underneath oh lustily arduously that a groggily some vexedly broadcast sheepish. That sneered vivaciously that thus hey porpoise uncritical gosh and much and this haughtily broadcast goodness ponderous squid darn in sheepish yet the slapped mildly and adventurously sincere less dalmatian assentingly wherever left ethereal the underneath oh lustily arduously that a groggily some vexedly broadcast sheepish.

That sneered vivaciously that thus hey porpoise uncritical gosh and much and this haughtily broadcast goodness ponderous squid darn in sheepish yet the slapped mildly and adventurously sincere less dalmatian assentingly wherever left ethereal the underneath oh lustily arduously that a groggily some vexedly broadcast sheepish.",12/15/2014 10:03,1,http://directory.chimpgroup.com/wp-content/uploads/directory-individuals-user-29.jpg,,#,#,#,#,#,#,,#,246 Test Address Moyers London,test@testemail.com,1,1,Sunday,5:00 AM,5:00 AM,Monday,5:00 AM,5:00 AM,Tuesday,5:00 AM,5:00 AM,Wednesday,5:00 AM,5:00 AM,Thursday,5:00 AM,5:00 AM,Friday,5:00 AM,5:00 AM,Saturday,5:00 AM,5:00 AM,Tag Line Goes Here...,0044 202 123456,,0044 202 123456,0044 202 123456
25,WandaRichardson,individuals,,,Wanda Richardson,Wanda Richardson,wandarichardson,dum23@chimpgroup.com,http://directory.chimpgroup.com,,,,"That sneered vivaciously that thus hey porpoise uncritical gosh and much and this haughtily broadcast goodness ponderous squid darn in sheepish yet the slapped mildly and adventurously sincere less dalmatian assentingly wherever left ethereal the underneath oh lustily arduously that a groggily some vexedly broadcast sheepish. That sneered vivaciously that thus hey porpoise uncritical gosh and much and this haughtily broadcast goodness ponderous squid darn in sheepish yet the slapped mildly and adventurously sincere less dalmatian assentingly wherever left ethereal the underneath oh lustily arduously that a groggily some vexedly broadcast sheepish.

That sneered vivaciously that thus hey porpoise uncritical gosh and much and this haughtily broadcast goodness ponderous squid darn in sheepish yet the slapped mildly and adventurously sincere less dalmatian assentingly wherever left ethereal the underneath oh lustily arduously that a groggily some vexedly broadcast sheepish.",12/15/2014 10:03,1,http://directory.chimpgroup.com/wp-content/uploads/directory-individuals-user-30.jpg,,#,#,#,#,#,#,,#,247 Test Address Moyers London,test@testemail.com,1,1,Sunday,6:00 AM,6:00 AM,Monday,6:00 AM,6:00 AM,Tuesday,6:00 AM,6:00 AM,Wednesday,6:00 AM,6:00 AM,Thursday,6:00 AM,6:00 AM,Friday,6:00 AM,6:00 AM,Saturday,6:00 AM,6:00 AM,Tag Line Goes Here...,0044 202 123456,,0044 202 123456,0044 202 123456
26,AnthonyFowler,individuals,Anthony,Fowler,AnthonyFowler,Anthony Fowler,anthonyfowler,dum24@chimpgroup.com,http://directory.chimpgroup.com,,,,"That sneered vivaciously that thus hey porpoise uncritical gosh and much and this haughtily broadcast goodness ponderous squid darn in sheepish yet the slapped mildly and adventurously sincere less dalmatian assentingly wherever left ethereal the underneath oh lustily arduously that a groggily some vexedly broadcast sheepish. That sneered vivaciously that thus hey porpoise uncritical gosh and much and this haughtily broadcast goodness ponderous squid darn in sheepish yet the slapped mildly and adventurously sincere less dalmatian assentingly wherever left ethereal the underneath oh lustily arduously that a groggily some vexedly broadcast sheepish.

That sneered vivaciously that thus hey porpoise uncritical gosh and much and this haughtily broadcast goodness ponderous squid darn in sheepish yet the slapped mildly and adventurously sincere less dalmatian assentingly wherever left ethereal the underneath oh lustily arduously that a groggily some vexedly broadcast sheepish.",12/15/2014 10:03,1,http://directory.chimpgroup.com/wp-content/uploads/directory-individuals-user-31.jpg,,#,#,#,#,#,#,,#,248 Test Address Moyers London,test@testemail.com,1,1,Sunday,7:00 AM,7:00 AM,Monday,7:00 AM,7:00 AM,Tuesday,7:00 AM,7:00 AM,Wednesday,7:00 AM,7:00 AM,Thursday,7:00 AM,7:00 AM,Friday,7:00 AM,7:00 AM,Saturday,7:00 AM,7:00 AM,Tag Line Goes Here...,0044 202 123456,,0044 202 123456,0044 202 123456
27,BillyRoss,individuals,Billy,Ross,BillyRoss,Billy Ross,billyross,dum25@chimpgroup.com,http://directory.chimpgroup.com,,,,"That sneered vivaciously that thus hey porpoise uncritical gosh and much and this haughtily broadcast goodness ponderous squid darn in sheepish yet the slapped mildly and adventurously sincere less dalmatian assentingly wherever left ethereal the underneath oh lustily arduously that a groggily some vexedly broadcast sheepish. That sneered vivaciously that thus hey porpoise uncritical gosh and much and this haughtily broadcast goodness ponderous squid darn in sheepish yet the slapped mildly and adventurously sincere less dalmatian assentingly wherever left ethereal the underneath oh lustily arduously that a groggily some vexedly broadcast sheepish.

That sneered vivaciously that thus hey porpoise uncritical gosh and much and this haughtily broadcast goodness ponderous squid darn in sheepish yet the slapped mildly and adventurously sincere less dalmatian assentingly wherever left ethereal the underneath oh lustily arduously that a groggily some vexedly broadcast sheepish.",12/15/2014 10:03,1,http://directory.chimpgroup.com/wp-content/uploads/directory-individuals-user-32.jpg,,#,#,#,#,#,#,,#,249 Test Address Moyers London,test@testemail.com,1,1,Sunday,8:00 AM,8:00 AM,Monday,8:00 AM,8:00 AM,Tuesday,8:00 AM,8:00 AM,Wednesday,8:00 AM,8:00 AM,Thursday,8:00 AM,8:00 AM,Friday,8:00 AM,8:00 AM,Saturday,8:00 AM,8:00 AM,Tag Line Goes Here...,0044 202 123456,,0044 202 123456,0044 202 123456
29,DonnaSchmidt,individuals,Donna,Schmidt,DonnaSchmidt,Donna Schmidt,donnaschmidt,dum27@chimpgroup.com,http://directory.chimpgroup.com,,,,"That sneered vivaciously that thus hey porpoise uncritical gosh and much and this haughtily broadcast goodness ponderous squid darn in sheepish yet the slapped mildly and adventurously sincere less dalmatian assentingly wherever left ethereal the underneath oh lustily arduously that a groggily some vexedly broadcast sheepish. That sneered vivaciously that thus hey porpoise uncritical gosh and much and this haughtily broadcast goodness ponderous squid darn in sheepish yet the slapped mildly and adventurously sincere less dalmatian assentingly wherever left ethereal the underneath oh lustily arduously that a groggily some vexedly broadcast sheepish.

That sneered vivaciously that thus hey porpoise uncritical gosh and much and this haughtily broadcast goodness ponderous squid darn in sheepish yet the slapped mildly and adventurously sincere less dalmatian assentingly wherever left ethereal the underneath oh lustily arduously that a groggily some vexedly broadcast sheepish.",12/15/2014 10:03,1,,,#,#,#,#,#,#,,#,250 Test Address Moyers London,test@testemail.com,1,1,Sunday,9:00 AM,9:00 AM,Monday,9:00 AM,9:00 AM,Tuesday,9:00 AM,9:00 AM,Wednesday,9:00 AM,9:00 AM,Thursday,9:00 AM,9:00 AM,Friday,9:00 AM,9:00 AM,Saturday,9:00 AM,9:00 AM,Tag Line Goes Here...,0044 202 123456,,0044 202 123456,0044 202 123456
30,DorothyCarr,individuals,Dorothy,Carr,DorothyCarr,Dorothy Carr,dorothycarr,dum28@chimpgroup.com,http://directory.chimpgroup.com,,,,"That sneered vivaciously that thus hey porpoise uncritical gosh and much and this haughtily broadcast goodness ponderous squid darn in sheepish yet the slapped mildly and adventurously sincere less dalmatian assentingly wherever left ethereal the underneath oh lustily arduously that a groggily some vexedly broadcast sheepish. That sneered vivaciously that thus hey porpoise uncritical gosh and much and this haughtily broadcast goodness ponderous squid darn in sheepish yet the slapped mildly and adventurously sincere less dalmatian assentingly wherever left ethereal the underneath oh lustily arduously that a groggily some vexedly broadcast sheepish.

That sneered vivaciously that thus hey porpoise uncritical gosh and much and this haughtily broadcast goodness ponderous squid darn in sheepish yet the slapped mildly and adventurously sincere less dalmatian assentingly wherever left ethereal the underneath oh lustily arduously that a groggily some vexedly broadcast sheepish.",12/15/2014 10:03,1,,,#,#,#,#,#,#,,#,251 Test Address Moyers London,test@testemail.com,1,1,Sunday,10:00 AM,10:00 AM,Monday,10:00 AM,10:00 AM,Tuesday,10:00 AM,10:00 AM,Wednesday,10:00 AM,10:00 AM,Thursday,10:00 AM,10:00 AM,Friday,10:00 AM,10:00 AM,Saturday,10:00 AM,10:00 AM,Tag Line Goes Here...,0044 202 123456,,0044 202 123456,0044 202 123456
31,LarryJohnson,individuals,Larry,Johnson,LarryJohnson,Larry Johnson,larryjohnson,dum29@chimpgroup.com,http://directory.chimpgroup.com,,,,"That sneered vivaciously that thus hey porpoise uncritical gosh and much and this haughtily broadcast goodness ponderous squid darn in sheepish yet the slapped mildly and adventurously sincere less dalmatian assentingly wherever left ethereal the underneath oh lustily arduously that a groggily some vexedly broadcast sheepish. That sneered vivaciously that thus hey porpoise uncritical gosh and much and this haughtily broadcast goodness ponderous squid darn in sheepish yet the slapped mildly and adventurously sincere less dalmatian assentingly wherever left ethereal the underneath oh lustily arduously that a groggily some vexedly broadcast sheepish.

That sneered vivaciously that thus hey porpoise uncritical gosh and much and this haughtily broadcast goodness ponderous squid darn in sheepish yet the slapped mildly and adventurously sincere less dalmatian assentingly wherever left ethereal the underneath oh lustily arduously that a groggily some vexedly broadcast sheepish.",12/15/2014 10:03,1,,,#,#,#,#,#,#,,#,252 Test Address Moyers London,test@testemail.com,1,1,Sunday,11:00 AM,11:00 AM,Monday,11:00 AM,11:00 AM,Tuesday,11:00 AM,11:00 AM,Wednesday,11:00 AM,11:00 AM,Thursday,11:00 AM,11:00 AM,Friday,11:00 AM,11:00 AM,Saturday,11:00 AM,11:00 AM,Tag Line Goes Here...,0044 202 123456,,0044 202 123456,0044 202 123456
32,DarrylJenkins,individuals,Darryl,Jenkins,DarrylJenkins,Darryl Jenkins,darryljenkins,dum30@chimpgroup.com,http://directory.chimpgroup.com,,,,"That sneered vivaciously that thus hey porpoise uncritical gosh and much and this haughtily broadcast goodness ponderous squid darn in sheepish yet the slapped mildly and adventurously sincere less dalmatian assentingly wherever left ethereal the underneath oh lustily arduously that a groggily some vexedly broadcast sheepish. That sneered vivaciously that thus hey porpoise uncritical gosh and much and this haughtily broadcast goodness ponderous squid darn in sheepish yet the slapped mildly and adventurously sincere less dalmatian assentingly wherever left ethereal the underneath oh lustily arduously that a groggily some vexedly broadcast sheepish.

That sneered vivaciously that thus hey porpoise uncritical gosh and much and this haughtily broadcast goodness ponderous squid darn in sheepish yet the slapped mildly and adventurously sincere less dalmatian assentingly wherever left ethereal the underneath oh lustily arduously that a groggily some vexedly broadcast sheepish.",12/15/2014 10:03,1,,,#,#,#,#,#,#,,#,253 Test Address Moyers London,test@testemail.com,1,1,Sunday,12:00 PM,12:00 PM,Monday,12:00 PM,12:00 PM,Tuesday,12:00 PM,12:00 PM,Wednesday,12:00 PM,12:00 PM,Thursday,12:00 PM,12:00 PM,Friday,12:00 PM,12:00 PM,Saturday,12:00 PM,12:00 PM,Tag Line Goes Here...,0044 202 123456,,0044 202 123456,0044 202 123456
33,MatthewPalmer,individuals,Matthew,Palmer,MatthewPalmer,Matthew Palmer,matthewpalmer,dum31@chimpgroup.com,http://directory.chimpgroup.com,,,,"That sneered vivaciously that thus hey porpoise uncritical gosh and much and this haughtily broadcast goodness ponderous squid darn in sheepish yet the slapped mildly and adventurously sincere less dalmatian assentingly wherever left ethereal the underneath oh lustily arduously that a groggily some vexedly broadcast sheepish. That sneered vivaciously that thus hey porpoise uncritical gosh and much and this haughtily broadcast goodness ponderous squid darn in sheepish yet the slapped mildly and adventurously sincere less dalmatian assentingly wherever left ethereal the underneath oh lustily arduously that a groggily some vexedly broadcast sheepish.

That sneered vivaciously that thus hey porpoise uncritical gosh and much and this haughtily broadcast goodness ponderous squid darn in sheepish yet the slapped mildly and adventurously sincere less dalmatian assentingly wherever left ethereal the underneath oh lustily arduously that a groggily some vexedly broadcast sheepish.",12/15/2014 10:03,1,,,#,#,#,#,#,#,,#,254 Test Address Moyers London,test@testemail.com,1,1,Sunday,1:00 PM,1:00 PM,Monday,1:00 PM,1:00 PM,Tuesday,1:00 PM,1:00 PM,Wednesday,1:00 PM,1:00 PM,Thursday,1:00 PM,1:00 PM,Friday,1:00 PM,1:00 PM,Saturday,1:00 PM,1:00 PM,Tag Line Goes Here...,0044 202 123456,,0044 202 123456,0044 202 123456
34,DeborahGrant,individuals,Deborah,Grant,DeborahGrant,Deborah Grant,deborahgrant,dum32@chimpgroup.com,http://directory.chimpgroup.com,,,,"That sneered vivaciously that thus hey porpoise uncritical gosh and much and this haughtily broadcast goodness ponderous squid darn in sheepish yet the slapped mildly and adventurously sincere less dalmatian assentingly wherever left ethereal the underneath oh lustily arduously that a groggily some vexedly broadcast sheepish. That sneered vivaciously that thus hey porpoise uncritical gosh and much and this haughtily broadcast goodness ponderous squid darn in sheepish yet the slapped mildly and adventurously sincere less dalmatian assentingly wherever left ethereal the underneath oh lustily arduously that a groggily some vexedly broadcast sheepish.

That sneered vivaciously that thus hey porpoise uncritical gosh and much and this haughtily broadcast goodness ponderous squid darn in sheepish yet the slapped mildly and adventurously sincere less dalmatian assentingly wherever left ethereal the underneath oh lustily arduously that a groggily some vexedly broadcast sheepish.",12/15/2014 10:03,1,,,#,#,#,#,#,#,,#,255 Test Address Moyers London,test@testemail.com,1,1,Sunday,2:00 PM,2:00 PM,Monday,2:00 PM,2:00 PM,Tuesday,2:00 PM,2:00 PM,Wednesday,2:00 PM,2:00 PM,Thursday,2:00 PM,2:00 PM,Friday,2:00 PM,2:00 PM,Saturday,2:00 PM,2:00 PM,Tag Line Goes Here...,0044 202 123456,,0044 202 123456,0044 202 123456
35,BryanKim,individuals,Bryan,Kim,BryanKim,Bryan Kim,bryankim,dum33@chimpgroup.com,http://directory.chimpgroup.com,,,,"That sneered vivaciously that thus hey porpoise uncritical gosh and much and this haughtily broadcast goodness ponderous squid darn in sheepish yet the slapped mildly and adventurously sincere less dalmatian assentingly wherever left ethereal the underneath oh lustily arduously that a groggily some vexedly broadcast sheepish. That sneered vivaciously that thus hey porpoise uncritical gosh and much and this haughtily broadcast goodness ponderous squid darn in sheepish yet the slapped mildly and adventurously sincere less dalmatian assentingly wherever left ethereal the underneath oh lustily arduously that a groggily some vexedly broadcast sheepish.

That sneered vivaciously that thus hey porpoise uncritical gosh and much and this haughtily broadcast goodness ponderous squid darn in sheepish yet the slapped mildly and adventurously sincere less dalmatian assentingly wherever left ethereal the underneath oh lustily arduously that a groggily some vexedly broadcast sheepish.",12/15/2014 10:03,1,,,#,#,#,#,#,#,,#,256 Test Address Moyers London,test@testemail.com,1,1,Sunday,3:00 PM,3:00 PM,Monday,3:00 PM,3:00 PM,Tuesday,3:00 PM,3:00 PM,Wednesday,3:00 PM,3:00 PM,Thursday,3:00 PM,3:00 PM,Friday,3:00 PM,3:00 PM,Saturday,3:00 PM,3:00 PM,Tag Line Goes Here...,0044 202 123456,,0044 202 123456,0044 202 123456
36,TerryPhillips,individuals,Terry,Phillips,TerryPhillips,Terry Phillips,terryphillips,dum34@chimpgroup.com,http://directory.chimpgroup.com,,,,"That sneered vivaciously that thus hey porpoise uncritical gosh and much and this haughtily broadcast goodness ponderous squid darn in sheepish yet the slapped mildly and adventurously sincere less dalmatian assentingly wherever left ethereal the underneath oh lustily arduously that a groggily some vexedly broadcast sheepish. That sneered vivaciously that thus hey porpoise uncritical gosh and much and this haughtily broadcast goodness ponderous squid darn in sheepish yet the slapped mildly and adventurously sincere less dalmatian assentingly wherever left ethereal the underneath oh lustily arduously that a groggily some vexedly broadcast sheepish.

That sneered vivaciously that thus hey porpoise uncritical gosh and much and this haughtily broadcast goodness ponderous squid darn in sheepish yet the slapped mildly and adventurously sincere less dalmatian assentingly wherever left ethereal the underneath oh lustily arduously that a groggily some vexedly broadcast sheepish.",12/15/2014 10:03,1,,,#,#,#,#,#,#,,#,257 Test Address Moyers London,test@testemail.com,1,1,Sunday,4:00 PM,4:00 PM,Monday,4:00 PM,4:00 PM,Tuesday,4:00 PM,4:00 PM,Wednesday,4:00 PM,4:00 PM,Thursday,4:00 PM,4:00 PM,Friday,4:00 PM,4:00 PM,Saturday,4:00 PM,4:00 PM,Tag Line Goes Here...,0044 202 123456,,0044 202 123456,0044 202 123456
37,RobinJackson,individuals,Robin,Jackson,RobinJackson,Robin Jackson,robinjackson,dum35@chimpgroup.com,http://directory.chimpgroup.com,,,,"That sneered vivaciously that thus hey porpoise uncritical gosh and much and this haughtily broadcast goodness ponderous squid darn in sheepish yet the slapped mildly and adventurously sincere less dalmatian assentingly wherever left ethereal the underneath oh lustily arduously that a groggily some vexedly broadcast sheepish. That sneered vivaciously that thus hey porpoise uncritical gosh and much and this haughtily broadcast goodness ponderous squid darn in sheepish yet the slapped mildly and adventurously sincere less dalmatian assentingly wherever left ethereal the underneath oh lustily arduously that a groggily some vexedly broadcast sheepish.

That sneered vivaciously that thus hey porpoise uncritical gosh and much and this haughtily broadcast goodness ponderous squid darn in sheepish yet the slapped mildly and adventurously sincere less dalmatian assentingly wherever left ethereal the underneath oh lustily arduously that a groggily some vexedly broadcast sheepish.",12/15/2014 10:03,1,,,#,#,#,#,#,#,,#,258 Test Address Moyers London,test@testemail.com,1,1,Sunday,5:00 PM,5:00 PM,Monday,5:00 PM,5:00 PM,Tuesday,5:00 PM,5:00 PM,Wednesday,5:00 PM,5:00 PM,Thursday,5:00 PM,5:00 PM,Friday,5:00 PM,5:00 PM,Saturday,5:00 PM,5:00 PM,Tag Line Goes Here...,0044 202 123456,,0044 202 123456,0044 202 123456
38,KevinCooper,individuals,Kevin,Cooper,KevinCooper,Kevin Cooper,kevincooper,dum36@chimpgroup.com,http://directory.chimpgroup.com,,,,"That sneered vivaciously that thus hey porpoise uncritical gosh and much and this haughtily broadcast goodness ponderous squid darn in sheepish yet the slapped mildly and adventurously sincere less dalmatian assentingly wherever left ethereal the underneath oh lustily arduously that a groggily some vexedly broadcast sheepish. That sneered vivaciously that thus hey porpoise uncritical gosh and much and this haughtily broadcast goodness ponderous squid darn in sheepish yet the slapped mildly and adventurously sincere less dalmatian assentingly wherever left ethereal the underneath oh lustily arduously that a groggily some vexedly broadcast sheepish.

That sneered vivaciously that thus hey porpoise uncritical gosh and much and this haughtily broadcast goodness ponderous squid darn in sheepish yet the slapped mildly and adventurously sincere less dalmatian assentingly wherever left ethereal the underneath oh lustily arduously that a groggily some vexedly broadcast sheepish.",12/15/2014 10:03,1,,,#,#,#,#,#,#,,#,259 Test Address Moyers London,test@testemail.com,1,1,Sunday,6:00 PM,6:00 PM,Monday,6:00 PM,6:00 PM,Tuesday,6:00 PM,6:00 PM,Wednesday,6:00 PM,6:00 PM,Thursday,6:00 PM,6:00 PM,Friday,6:00 PM,6:00 PM,Saturday,6:00 PM,6:00 PM,Tag Line Goes Here...,0044 202 123456,,0044 202 123456,0044 202 123456
39,CurtisWilliamson,individuals,Curtis,Williamson,CurtisWilliamson,Curtis Williamson,curtiswilliamson,dum37@chimpgroup.com,http://directory.chimpgroup.com,,,,"That sneered vivaciously that thus hey porpoise uncritical gosh and much and this haughtily broadcast goodness ponderous squid darn in sheepish yet the slapped mildly and adventurously sincere less dalmatian assentingly wherever left ethereal the underneath oh lustily arduously that a groggily some vexedly broadcast sheepish. That sneered vivaciously that thus hey porpoise uncritical gosh and much and this haughtily broadcast goodness ponderous squid darn in sheepish yet the slapped mildly and adventurously sincere less dalmatian assentingly wherever left ethereal the underneath oh lustily arduously that a groggily some vexedly broadcast sheepish.

That sneered vivaciously that thus hey porpoise uncritical gosh and much and this haughtily broadcast goodness ponderous squid darn in sheepish yet the slapped mildly and adventurously sincere less dalmatian assentingly wherever left ethereal the underneath oh lustily arduously that a groggily some vexedly broadcast sheepish.",12/15/2014 10:03,1,,,#,#,#,#,#,#,,#,260 Test Address Moyers London,test@testemail.com,1,1,Sunday,7:00 PM,7:00 PM,Monday,7:00 PM,7:00 PM,Tuesday,7:00 PM,7:00 PM,Wednesday,7:00 PM,7:00 PM,Thursday,7:00 PM,7:00 PM,Friday,7:00 PM,7:00 PM,Saturday,7:00 PM,7:00 PM,Tag Line Goes Here...,0044 202 123456,,0044 202 123456,0044 202 123456
40,ChrisHarper,individuals,Chris,Harper,ChrisHarper,Chris Harper,chrisharper,dum38@chimpgroup.com,http://directory.chimpgroup.com,,,,"That sneered vivaciously that thus hey porpoise uncritical gosh and much and this haughtily broadcast goodness ponderous squid darn in sheepish yet the slapped mildly and adventurously sincere less dalmatian assentingly wherever left ethereal the underneath oh lustily arduously that a groggily some vexedly broadcast sheepish. That sneered vivaciously that thus hey porpoise uncritical gosh and much and this haughtily broadcast goodness ponderous squid darn in sheepish yet the slapped mildly and adventurously sincere less dalmatian assentingly wherever left ethereal the underneath oh lustily arduously that a groggily some vexedly broadcast sheepish.

That sneered vivaciously that thus hey porpoise uncritical gosh and much and this haughtily broadcast goodness ponderous squid darn in sheepish yet the slapped mildly and adventurously sincere less dalmatian assentingly wherever left ethereal the underneath oh lustily arduously that a groggily some vexedly broadcast sheepish.",12/15/2014 10:03,1,,,#,#,#,#,#,#,,#,261 Test Address Moyers London,test@testemail.com,1,1,Sunday,8:00 PM,8:00 PM,Monday,8:00 PM,8:00 PM,Tuesday,8:00 PM,8:00 PM,Wednesday,8:00 PM,8:00 PM,Thursday,8:00 PM,8:00 PM,Friday,8:00 PM,8:00 PM,Saturday,8:00 PM,8:00 PM,Tag Line Goes Here...,0044 202 123456,,0044 202 123456,0044 202 123456
41,TomFisher,individuals,Tom,Fisher,TomFisher,Tom Fisher,tomfisher,dum39@chimpgroup.com,http://directory.chimpgroup.com,,,,"That sneered vivaciously that thus hey porpoise uncritical gosh and much and this haughtily broadcast goodness ponderous squid darn in sheepish yet the slapped mildly and adventurously sincere less dalmatian assentingly wherever left ethereal the underneath oh lustily arduously that a groggily some vexedly broadcast sheepish. That sneered vivaciously that thus hey porpoise uncritical gosh and much and this haughtily broadcast goodness ponderous squid darn in sheepish yet the slapped mildly and adventurously sincere less dalmatian assentingly wherever left ethereal the underneath oh lustily arduously that a groggily some vexedly broadcast sheepish.

That sneered vivaciously that thus hey porpoise uncritical gosh and much and this haughtily broadcast goodness ponderous squid darn in sheepish yet the slapped mildly and adventurously sincere less dalmatian assentingly wherever left ethereal the underneath oh lustily arduously that a groggily some vexedly broadcast sheepish.",12/15/2014 10:03,1,,,#,#,#,#,#,#,,#,262 Test Address Moyers London,test@testemail.com,1,1,Sunday,9:00 PM,9:00 PM,Monday,9:00 PM,9:00 PM,Tuesday,9:00 PM,9:00 PM,Wednesday,9:00 PM,9:00 PM,Thursday,9:00 PM,9:00 PM,Friday,9:00 PM,9:00 PM,Saturday,9:00 PM,9:00 PM,Tag Line Goes Here...,0044 202 123456,,0044 202 123456,0044 202 123456
42,JayHunter,individuals,Jay,Hunter,JayHunter,Jay Hunter,jayhunter,dum40@chimpgroup.com,http://directory.chimpgroup.com,,,,"That sneered vivaciously that thus hey porpoise uncritical gosh and much and this haughtily broadcast goodness ponderous squid darn in sheepish yet the slapped mildly and adventurously sincere less dalmatian assentingly wherever left ethereal the underneath oh lustily arduously that a groggily some vexedly broadcast sheepish. That sneered vivaciously that thus hey porpoise uncritical gosh and much and this haughtily broadcast goodness ponderous squid darn in sheepish yet the slapped mildly and adventurously sincere less dalmatian assentingly wherever left ethereal the underneath oh lustily arduously that a groggily some vexedly broadcast sheepish.

That sneered vivaciously that thus hey porpoise uncritical gosh and much and this haughtily broadcast goodness ponderous squid darn in sheepish yet the slapped mildly and adventurously sincere less dalmatian assentingly wherever left ethereal the underneath oh lustily arduously that a groggily some vexedly broadcast sheepish.",12/15/2014 10:03,1,,,#,#,#,#,#,#,,#,263 Test Address Moyers London,test@testemail.com,1,1,Sunday,10:00 PM,10:00 PM,Monday,10:00 PM,10:00 PM,Tuesday,10:00 PM,10:00 PM,Wednesday,10:00 PM,10:00 PM,Thursday,10:00 PM,10:00 PM,Friday,10:00 PM,10:00 PM,Saturday,10:00 PM,10:00 PM,Tag Line Goes Here...,0044 202 123456,,0044 202 123456,0044 202 123456
57,gomo,professional,GOMO,INTL,gomo,GOMO INTL,gomo,dum50@chimpgroup.com,http://directory.chimpgroup.com,,,,"That sneered vivaciously that thus hey porpoise uncritical gosh and much and this haughtily broadcast goodness ponderous squid darn in sheepish yet the slapped mildly and adventurously sincere less dalmatian assentingly wherever left ethereal the underneath oh lustily arduously that a groggily some vexedly broadcast sheepish. That sneered vivaciously that thus hey porpoise uncritical gosh and much and this haughtily broadcast goodness ponderous squid darn in sheepish yet the slapped mildly and adventurously sincere less dalmatian assentingly wherever left ethereal the underneath oh lustily arduously that a groggily some vexedly broadcast sheepish.

That sneered vivaciously that thus hey porpoise uncritical gosh and much and this haughtily broadcast goodness ponderous squid darn in sheepish yet the slapped mildly and adventurously sincere less dalmatian assentingly wherever left ethereal the underneath oh lustily arduously that a groggily some vexedly broadcast sheepish.",1/23/2015 15:10,1,http://directory.chimpgroup.com/wp-content/uploads/business-logo-8.jpg,,#,#,#,#,#,#,,#,264 Test Address Moyers London,test@testemail.com,1,1,Sunday,11:00 PM,11:00 PM,Monday,11:00 PM,11:00 PM,Tuesday,11:00 PM,11:00 PM,Wednesday,11:00 PM,11:00 PM,Thursday,11:00 PM,11:00 PM,Friday,11:00 PM,11:00 PM,Saturday,11:00 PM,11:00 PM,Tag Line Goes Here...,0044 202 123456,,0044 202 123456,0044 202 123456
58,genedenz,professional,GEN,EDENZ,genedenz,GEN EDENZ,genedenz,dum51@chimpgroup.com,http://directory.chimpgroup.com,,,,"That sneered vivaciously that thus hey porpoise uncritical gosh and much and this haughtily broadcast goodness ponderous squid darn in sheepish yet the slapped mildly and adventurously sincere less dalmatian assentingly wherever left ethereal the underneath oh lustily arduously that a groggily some vexedly broadcast sheepish. That sneered vivaciously that thus hey porpoise uncritical gosh and much and this haughtily broadcast goodness ponderous squid darn in sheepish yet the slapped mildly and adventurously sincere less dalmatian assentingly wherever left ethereal the underneath oh lustily arduously that a groggily some vexedly broadcast sheepish.

That sneered vivaciously that thus hey porpoise uncritical gosh and much and this haughtily broadcast goodness ponderous squid darn in sheepish yet the slapped mildly and adventurously sincere less dalmatian assentingly wherever left ethereal the underneath oh lustily arduously that a groggily some vexedly broadcast sheepish.",1/23/2015 15:30,1,http://directory.chimpgroup.com/wp-content/uploads/business-logo-9.jpg,,#,#,#,#,#,#,,#,265 Test Address Moyers London,test@testemail.com,1,1,Sunday,12:00 AM,12:00 AM,Monday,12:00 AM,12:00 AM,Tuesday,12:00 AM,12:00 AM,Wednesday,12:00 AM,12:00 AM,Thursday,12:00 AM,12:00 AM,Friday,12:00 AM,12:00 AM,Saturday,12:00 AM,12:00 AM,Tag Line Goes Here...,0044 202 123456,,0044 202 123456,0044 202 123456
59,transitgroup,professional,Transit,Group,transitgroup,Transit Group,transitgroup,dum52@chimpgroup.com,http://directory.chimpgroup.com,,,,"That sneered vivaciously that thus hey porpoise uncritical gosh and much and this haughtily broadcast goodness ponderous squid darn in sheepish yet the slapped mildly and adventurously sincere less dalmatian assentingly wherever left ethereal the underneath oh lustily arduously that a groggily some vexedly broadcast sheepish. That sneered vivaciously that thus hey porpoise uncritical gosh and much and this haughtily broadcast goodness ponderous squid darn in sheepish yet the slapped mildly and adventurously sincere less dalmatian assentingly wherever left ethereal the underneath oh lustily arduously that a groggily some vexedly broadcast sheepish.

That sneered vivaciously that thus hey porpoise uncritical gosh and much and this haughtily broadcast goodness ponderous squid darn in sheepish yet the slapped mildly and adventurously sincere less dalmatian assentingly wherever left ethereal the underneath oh lustily arduously that a groggily some vexedly broadcast sheepish.",1/23/2015 15:31,1,http://directory.chimpgroup.com/wp-content/uploads/business-logo-10.jpg,,#,#,#,#,#,#,,#,266 Test Address Moyers London,test@testemail.com,1,1,Sunday,1:00 AM,1:00 AM,Monday,1:00 AM,1:00 AM,Tuesday,1:00 AM,1:00 AM,Wednesday,1:00 AM,1:00 AM,Thursday,1:00 AM,1:00 AM,Friday,1:00 AM,1:00 AM,Saturday,1:00 AM,1:00 AM,Tag Line Goes Here...,0044 202 123456,,0044 202 123456,0044 202 123456
60,bat,professional,BAT,BOLL,bat,BAT Boll,bat,dum53@chimpgroup.com,http://directory.chimpgroup.com,,,,"That sneered vivaciously that thus hey porpoise uncritical gosh and much and this haughtily broadcast goodness ponderous squid darn in sheepish yet the slapped mildly and adventurously sincere less dalmatian assentingly wherever left ethereal the underneath oh lustily arduously that a groggily some vexedly broadcast sheepish. That sneered vivaciously that thus hey porpoise uncritical gosh and much and this haughtily broadcast goodness ponderous squid darn in sheepish yet the slapped mildly and adventurously sincere less dalmatian assentingly wherever left ethereal the underneath oh lustily arduously that a groggily some vexedly broadcast sheepish.

That sneered vivaciously that thus hey porpoise uncritical gosh and much and this haughtily broadcast goodness ponderous squid darn in sheepish yet the slapped mildly and adventurously sincere less dalmatian assentingly wherever left ethereal the underneath oh lustily arduously that a groggily some vexedly broadcast sheepish.",1/23/2015 15:31,1,http://directory.chimpgroup.com/wp-content/uploads/business-logo-11.jpg,,#,#,#,#,#,#,,#,267 Test Address Moyers London,test@testemail.com,1,1,Sunday,2:00 AM,2:00 AM,Monday,2:00 AM,2:00 AM,Tuesday,2:00 AM,2:00 AM,Wednesday,2:00 AM,2:00 AM,Thursday,2:00 AM,2:00 AM,Friday,2:00 AM,2:00 AM,Saturday,2:00 AM,2:00 AM,Tag Line Goes Here...,0044 202 123456,,0044 202 123456,0044 202 123456
61,designking,professional,DESIGN,KING,designking,DESIGN KING,designking,dum54@chimpgroup.com,http://directory.chimpgroup.com,,,,"That sneered vivaciously that thus hey porpoise uncritical gosh and much and this haughtily broadcast goodness ponderous squid darn in sheepish yet the slapped mildly and adventurously sincere less dalmatian assentingly wherever left ethereal the underneath oh lustily arduously that a groggily some vexedly broadcast sheepish. That sneered vivaciously that thus hey porpoise uncritical gosh and much and this haughtily broadcast goodness ponderous squid darn in sheepish yet the slapped mildly and adventurously sincere less dalmatian assentingly wherever left ethereal the underneath oh lustily arduously that a groggily some vexedly broadcast sheepish.

That sneered vivaciously that thus hey porpoise uncritical gosh and much and this haughtily broadcast goodness ponderous squid darn in sheepish yet the slapped mildly and adventurously sincere less dalmatian assentingly wherever left ethereal the underneath oh lustily arduously that a groggily some vexedly broadcast sheepish.",1/23/2015 15:32,1,http://directory.chimpgroup.com/wp-content/uploads/business-logo-12.jpg,,#,#,#,#,#,#,,#,268 Test Address Moyers London,test@testemail.com,1,1,Sunday,3:00 AM,3:00 AM,Monday,3:00 AM,3:00 AM,Tuesday,3:00 AM,3:00 AM,Wednesday,3:00 AM,3:00 AM,Thursday,3:00 AM,3:00 AM,Friday,3:00 AM,3:00 AM,Saturday,3:00 AM,3:00 AM,Tag Line Goes Here...,0044 202 123456,,0044 202 123456,0044 202 123456
62,onfire,professional,ONFIRE,MART,onfire,ONFIRE MART,onfire,dum55@chimpgroup.com,http://directory.chimpgroup.com,,,,"That sneered vivaciously that thus hey porpoise uncritical gosh and much and this haughtily broadcast goodness ponderous squid darn in sheepish yet the slapped mildly and adventurously sincere less dalmatian assentingly wherever left ethereal the underneath oh lustily arduously that a groggily some vexedly broadcast sheepish. That sneered vivaciously that thus hey porpoise uncritical gosh and much and this haughtily broadcast goodness ponderous squid darn in sheepish yet the slapped mildly and adventurously sincere less dalmatian assentingly wherever left ethereal the underneath oh lustily arduously that a groggily some vexedly broadcast sheepish.

That sneered vivaciously that thus hey porpoise uncritical gosh and much and this haughtily broadcast goodness ponderous squid darn in sheepish yet the slapped mildly and adventurously sincere less dalmatian assentingly wherever left ethereal the underneath oh lustily arduously that a groggily some vexedly broadcast sheepish.",1/23/2015 15:33,1,http://directory.chimpgroup.com/wp-content/uploads/business-logo-13.jpg,,#,#,#,#,#,#,,#,269 Test Address Moyers London,test@testemail.com,1,1,Sunday,4:00 AM,4:00 AM,Monday,4:00 AM,4:00 AM,Tuesday,4:00 AM,4:00 AM,Wednesday,4:00 AM,4:00 AM,Thursday,4:00 AM,4:00 AM,Friday,4:00 AM,4:00 AM,Saturday,4:00 AM,4:00 AM,Tag Line Goes Here...,0044 202 123456,,0044 202 123456,0044 202 123456
63,livewithhope,professional,Live,With Hope,livewithhope,Live With Hope,livewithhope,dum56@chimpgroup.com,http://directory.chimpgroup.com,,,,"That sneered vivaciously that thus hey porpoise uncritical gosh and much and this haughtily broadcast goodness ponderous squid darn in sheepish yet the slapped mildly and adventurously sincere less dalmatian assentingly wherever left ethereal the underneath oh lustily arduously that a groggily some vexedly broadcast sheepish. That sneered vivaciously that thus hey porpoise uncritical gosh and much and this haughtily broadcast goodness ponderous squid darn in sheepish yet the slapped mildly and adventurously sincere less dalmatian assentingly wherever left ethereal the underneath oh lustily arduously that a groggily some vexedly broadcast sheepish.

That sneered vivaciously that thus hey porpoise uncritical gosh and much and this haughtily broadcast goodness ponderous squid darn in sheepish yet the slapped mildly and adventurously sincere less dalmatian assentingly wherever left ethereal the underneath oh lustily arduously that a groggily some vexedly broadcast sheepish.",1/23/2015 15:34,1,http://directory.chimpgroup.com/wp-content/uploads/business-logo-14.jpg,,#,#,#,#,#,#,,#,270 Test Address Moyers London,test@testemail.com,1,1,Sunday,5:00 AM,5:00 AM,Monday,5:00 AM,5:00 AM,Tuesday,5:00 AM,5:00 AM,Wednesday,5:00 AM,5:00 AM,Thursday,5:00 AM,5:00 AM,Friday,5:00 AM,5:00 AM,Saturday,5:00 AM,5:00 AM,Tag Line Goes Here...,0044 202 123456,,0044 202 123456,0044 202 123456
64,colorcoded,professional,COLOR,CODED,colorcoded,COLOR CODED,colorcoded,dum57@chimpgroup.com,http://directory.chimpgroup.com,,,,"That sneered vivaciously that thus hey porpoise uncritical gosh and much and this haughtily broadcast goodness ponderous squid darn in sheepish yet the slapped mildly and adventurously sincere less dalmatian assentingly wherever left ethereal the underneath oh lustily arduously that a groggily some vexedly broadcast sheepish. That sneered vivaciously that thus hey porpoise uncritical gosh and much and this haughtily broadcast goodness ponderous squid darn in sheepish yet the slapped mildly and adventurously sincere less dalmatian assentingly wherever left ethereal the underneath oh lustily arduously that a groggily some vexedly broadcast sheepish.

That sneered vivaciously that thus hey porpoise uncritical gosh and much and this haughtily broadcast goodness ponderous squid darn in sheepish yet the slapped mildly and adventurously sincere less dalmatian assentingly wherever left ethereal the underneath oh lustily arduously that a groggily some vexedly broadcast sheepish.",1/23/2015 15:35,1,http://directory.chimpgroup.com/wp-content/uploads/business-logo-15.jpg,,#,#,#,#,#,#,,#,271 Test Address Moyers London,test@testemail.com,1,1,Sunday,6:00 AM,6:00 AM,Monday,6:00 AM,6:00 AM,Tuesday,6:00 AM,6:00 AM,Wednesday,6:00 AM,6:00 AM,Thursday,6:00 AM,6:00 AM,Friday,6:00 AM,6:00 AM,Saturday,6:00 AM,6:00 AM,Tag Line Goes Here...,0044 202 123456,,0044 202 123456,0044 202 123456
65,Piper Shepherd,professional,Piper,Shepherd,Piper Shepherd,Piper Shepherd,piper-shepherd,dum58@chimpgroup.com,http://directory.chimpgroup.com,,,,"That sneered vivaciously that thus hey porpoise uncritical gosh and much and this haughtily broadcast goodness ponderous squid darn in sheepish yet the slapped mildly and adventurously sincere less dalmatian assentingly wherever left ethereal the underneath oh lustily arduously that a groggily some vexedly broadcast sheepish. That sneered vivaciously that thus hey porpoise uncritical gosh and much and this haughtily broadcast goodness ponderous squid darn in sheepish yet the slapped mildly and adventurously sincere less dalmatian assentingly wherever left ethereal the underneath oh lustily arduously that a groggily some vexedly broadcast sheepish.

That sneered vivaciously that thus hey porpoise uncritical gosh and much and this haughtily broadcast goodness ponderous squid darn in sheepish yet the slapped mildly and adventurously sincere less dalmatian assentingly wherever left ethereal the underneath oh lustily arduously that a groggily some vexedly broadcast sheepish.",1/23/2015 15:36,1,http://directory.chimpgroup.com/wp-content/uploads/business-logo-16.jpg,,#,#,#,#,#,#,,#,272 Test Address Moyers London,test@testemail.com,1,1,Sunday,7:00 AM,7:00 AM,Monday,7:00 AM,7:00 AM,Tuesday,7:00 AM,7:00 AM,Wednesday,7:00 AM,7:00 AM,Thursday,7:00 AM,7:00 AM,Friday,7:00 AM,7:00 AM,Saturday,7:00 AM,7:00 AM,Tag Line Goes Here...,0044 202 123456,,0044 202 123456,0044 202 123456
66,teabea,professional,TEA,BEA,teabea,TEA BEA,teabea,dum59@chimpgroup.com,http://directory.chimpgroup.com,,,,"That sneered vivaciously that thus hey porpoise uncritical gosh and much and this haughtily broadcast goodness ponderous squid darn in sheepish yet the slapped mildly and adventurously sincere less dalmatian assentingly wherever left ethereal the underneath oh lustily arduously that a groggily some vexedly broadcast sheepish. That sneered vivaciously that thus hey porpoise uncritical gosh and much and this haughtily broadcast goodness ponderous squid darn in sheepish yet the slapped mildly and adventurously sincere less dalmatian assentingly wherever left ethereal the underneath oh lustily arduously that a groggily some vexedly broadcast sheepish.

That sneered vivaciously that thus hey porpoise uncritical gosh and much and this haughtily broadcast goodness ponderous squid darn in sheepish yet the slapped mildly and adventurously sincere less dalmatian assentingly wherever left ethereal the underneath oh lustily arduously that a groggily some vexedly broadcast sheepish.",1/23/2015 15:37,1,http://directory.chimpgroup.com/wp-content/uploads/business-logo-17.jpg,,#,#,#,#,#,#,,#,273 Test Address Moyers London,test@testemail.com,1,1,Sunday,8:00 AM,8:00 AM,Monday,8:00 AM,8:00 AM,Tuesday,8:00 AM,8:00 AM,Wednesday,8:00 AM,8:00 AM,Thursday,8:00 AM,8:00 AM,Friday,8:00 AM,8:00 AM,Saturday,8:00 AM,8:00 AM,Tag Line Goes Here...,0044 202 123456,,0044 202 123456,0044 202 123456
67,flipbook,professional,FLIP,BOOK,flipbook,FLIP BOOK,flipbook,dum60@chimpgroup.com,http://directory.chimpgroup.com,,,,"That sneered vivaciously that thus hey porpoise uncritical gosh and much and this haughtily broadcast goodness ponderous squid darn in sheepish yet the slapped mildly and adventurously sincere less dalmatian assentingly wherever left ethereal the underneath oh lustily arduously that a groggily some vexedly broadcast sheepish. That sneered vivaciously that thus hey porpoise uncritical gosh and much and this haughtily broadcast goodness ponderous squid darn in sheepish yet the slapped mildly and adventurously sincere less dalmatian assentingly wherever left ethereal the underneath oh lustily arduously that a groggily some vexedly broadcast sheepish.

That sneered vivaciously that thus hey porpoise uncritical gosh and much and this haughtily broadcast goodness ponderous squid darn in sheepish yet the slapped mildly and adventurously sincere less dalmatian assentingly wherever left ethereal the underneath oh lustily arduously that a groggily some vexedly broadcast sheepish.",1/23/2015 15:37,1,http://directory.chimpgroup.com/wp-content/uploads/business-logo-18.jpg,,#,#,#,#,#,#,,#,274 Test Address Moyers London,test@testemail.com,1,1,Sunday,9:00 AM,9:00 AM,Monday,9:00 AM,9:00 AM,Tuesday,9:00 AM,9:00 AM,Wednesday,9:00 AM,9:00 AM,Thursday,9:00 AM,9:00 AM,Friday,9:00 AM,9:00 AM,Saturday,9:00 AM,9:00 AM,Tag Line Goes Here...,0044 202 123456,,0044 202 123456,0044 202 123456
68,essex,professional,ESSEX,CAPITAL,essex,ESSEX CAPITAL,essex,dum61@chimpgroup.com,http://directory.chimpgroup.com,,,,"That sneered vivaciously that thus hey porpoise uncritical gosh and much and this haughtily broadcast goodness ponderous squid darn in sheepish yet the slapped mildly and adventurously sincere less dalmatian assentingly wherever left ethereal the underneath oh lustily arduously that a groggily some vexedly broadcast sheepish. That sneered vivaciously that thus hey porpoise uncritical gosh and much and this haughtily broadcast goodness ponderous squid darn in sheepish yet the slapped mildly and adventurously sincere less dalmatian assentingly wherever left ethereal the underneath oh lustily arduously that a groggily some vexedly broadcast sheepish.

That sneered vivaciously that thus hey porpoise uncritical gosh and much and this haughtily broadcast goodness ponderous squid darn in sheepish yet the slapped mildly and adventurously sincere less dalmatian assentingly wherever left ethereal the underneath oh lustily arduously that a groggily some vexedly broadcast sheepish.",1/23/2015 15:38,1,http://directory.chimpgroup.com/wp-content/uploads/business-logo-19.jpg,,#,#,#,#,#,#,,#,275 Test Address Moyers London,test@testemail.com,1,1,Sunday,10:00 AM,10:00 AM,Monday,10:00 AM,10:00 AM,Tuesday,10:00 AM,10:00 AM,Wednesday,10:00 AM,10:00 AM,Thursday,10:00 AM,10:00 AM,Friday,10:00 AM,10:00 AM,Saturday,10:00 AM,10:00 AM,Tag Line Goes Here...,0044 202 123456,,0044 202 123456,0044 202 123456
69,purse,professional,PURSE,MODEL,purse,PURSE MODEL,purse,dum62@chimpgroup.com,http://directory.chimpgroup.com,,,,"That sneered vivaciously that thus hey porpoise uncritical gosh and much and this haughtily broadcast goodness ponderous squid darn in sheepish yet the slapped mildly and adventurously sincere less dalmatian assentingly wherever left ethereal the underneath oh lustily arduously that a groggily some vexedly broadcast sheepish. That sneered vivaciously that thus hey porpoise uncritical gosh and much and this haughtily broadcast goodness ponderous squid darn in sheepish yet the slapped mildly and adventurously sincere less dalmatian assentingly wherever left ethereal the underneath oh lustily arduously that a groggily some vexedly broadcast sheepish.

That sneered vivaciously that thus hey porpoise uncritical gosh and much and this haughtily broadcast goodness ponderous squid darn in sheepish yet the slapped mildly and adventurously sincere less dalmatian assentingly wherever left ethereal the underneath oh lustily arduously that a groggily some vexedly broadcast sheepish.",1/23/2015 15:39,1,http://directory.chimpgroup.com/wp-content/uploads/business-logo-20.jpg,,#,#,#,#,#,#,,#,276 Test Address Moyers London,test@testemail.com,1,1,Sunday,11:00 AM,11:00 AM,Monday,11:00 AM,11:00 AM,Tuesday,11:00 AM,11:00 AM,Wednesday,11:00 AM,11:00 AM,Thursday,11:00 AM,11:00 AM,Friday,11:00 AM,11:00 AM,Saturday,11:00 AM,11:00 AM,Tag Line Goes Here...,0044 202 123456,,0044 202 123456,0044 202 123456
70,refuge,professional,REFUGE,MINISTRIES,refuge,REFUGE MINISTRIES,refuge,dum63@chimpgroup.com,http://directory.chimpgroup.com,,,,"That sneered vivaciously that thus hey porpoise uncritical gosh and much and this haughtily broadcast goodness ponderous squid darn in sheepish yet the slapped mildly and adventurously sincere less dalmatian assentingly wherever left ethereal the underneath oh lustily arduously that a groggily some vexedly broadcast sheepish. That sneered vivaciously that thus hey porpoise uncritical gosh and much and this haughtily broadcast goodness ponderous squid darn in sheepish yet the slapped mildly and adventurously sincere less dalmatian assentingly wherever left ethereal the underneath oh lustily arduously that a groggily some vexedly broadcast sheepish.

That sneered vivaciously that thus hey porpoise uncritical gosh and much and this haughtily broadcast goodness ponderous squid darn in sheepish yet the slapped mildly and adventurously sincere less dalmatian assentingly wherever left ethereal the underneath oh lustily arduously that a groggily some vexedly broadcast sheepish.",1/23/2015 15:39,1,http://directory.chimpgroup.com/wp-content/uploads/business-logo-21.jpg,,#,#,#,#,#,#,,#,277 Test Address Moyers London,test@testemail.com,1,1,Sunday,12:00 PM,12:00 PM,Monday,12:00 PM,12:00 PM,Tuesday,12:00 PM,12:00 PM,Wednesday,12:00 PM,12:00 PM,Thursday,12:00 PM,12:00 PM,Friday,12:00 PM,12:00 PM,Saturday,12:00 PM,12:00 PM,Tag Line Goes Here...,0044 202 123456,,0044 202 123456,0044 202 123456
71,mendocino,professional,MENDOCINO,LODGE,mendocino,MENDOCINO LEDGE,mendocino,dum64@chimpgroup.com,http://directory.chimpgroup.com,,,,"That sneered vivaciously that thus hey porpoise uncritical gosh and much and this haughtily broadcast goodness ponderous squid darn in sheepish yet the slapped mildly and adventurously sincere less dalmatian assentingly wherever left ethereal the underneath oh lustily arduously that a groggily some vexedly broadcast sheepish. That sneered vivaciously that thus hey porpoise uncritical gosh and much and this haughtily broadcast goodness ponderous squid darn in sheepish yet the slapped mildly and adventurously sincere less dalmatian assentingly wherever left ethereal the underneath oh lustily arduously that a groggily some vexedly broadcast sheepish.

That sneered vivaciously that thus hey porpoise uncritical gosh and much and this haughtily broadcast goodness ponderous squid darn in sheepish yet the slapped mildly and adventurously sincere less dalmatian assentingly wherever left ethereal the underneath oh lustily arduously that a groggily some vexedly broadcast sheepish.",1/23/2015 15:40,1,http://directory.chimpgroup.com/wp-content/uploads/business-logo-22.jpg,,#,#,#,#,#,#,,#,278 Test Address Moyers London,test@testemail.com,1,1,Sunday,1:00 PM,1:00 PM,Monday,1:00 PM,1:00 PM,Tuesday,1:00 PM,1:00 PM,Wednesday,1:00 PM,1:00 PM,Thursday,1:00 PM,1:00 PM,Friday,1:00 PM,1:00 PM,Saturday,1:00 PM,1:00 PM,Tag Line Goes Here...,0044 202 123456,,0044 202 123456,0044 202 123456
188,OM Security,professional,OM,Security,OM Security,OM Security,om-security,dum65@chimpgroup.com,http://directory.chimpgroup.com,,,,"That sneered vivaciously that thus hey porpoise uncritical gosh and much and this haughtily broadcast goodness ponderous squid darn in sheepish yet the slapped mildly and adventurously sincere less dalmatian assentingly wherever left ethereal the underneath oh lustily arduously that a groggily some vexedly broadcast sheepish. That sneered vivaciously that thus hey porpoise uncritical gosh and much and this haughtily broadcast goodness ponderous squid darn in sheepish yet the slapped mildly and adventurously sincere less dalmatian assentingly wherever left ethereal the underneath oh lustily arduously that a groggily some vexedly broadcast sheepish.

That sneered vivaciously that thus hey porpoise uncritical gosh and much and this haughtily broadcast goodness ponderous squid darn in sheepish yet the slapped mildly and adventurously sincere less dalmatian assentingly wherever left ethereal the underneath oh lustily arduously that a groggily some vexedly broadcast sheepish.",2/3/2015 11:40,1,http://directory.chimpgroup.com/wp-content/uploads/business-logo-23.jpg,,#,#,#,#,#,#,,#,279 Test Address Moyers London,test@testemail.com,1,1,Sunday,2:00 PM,2:00 PM,Monday,2:00 PM,2:00 PM,Tuesday,2:00 PM,2:00 PM,Wednesday,2:00 PM,2:00 PM,Thursday,2:00 PM,2:00 PM,Friday,2:00 PM,2:00 PM,Saturday,2:00 PM,2:00 PM,Tag Line Goes Here...,0044 202 123456,,0044 202 123456,0044 202 123456
189,Nupurs,professional,,,Nupurs,Nupurs,nupurs,dum66@chimpgroup.com,http://directory.chimpgroup.com,,,,"That sneered vivaciously that thus hey porpoise uncritical gosh and much and this haughtily broadcast goodness ponderous squid darn in sheepish yet the slapped mildly and adventurously sincere less dalmatian assentingly wherever left ethereal the underneath oh lustily arduously that a groggily some vexedly broadcast sheepish. That sneered vivaciously that thus hey porpoise uncritical gosh and much and this haughtily broadcast goodness ponderous squid darn in sheepish yet the slapped mildly and adventurously sincere less dalmatian assentingly wherever left ethereal the underneath oh lustily arduously that a groggily some vexedly broadcast sheepish.

That sneered vivaciously that thus hey porpoise uncritical gosh and much and this haughtily broadcast goodness ponderous squid darn in sheepish yet the slapped mildly and adventurously sincere less dalmatian assentingly wherever left ethereal the underneath oh lustily arduously that a groggily some vexedly broadcast sheepish.",2/3/2015 11:41,1,,,#,#,#,#,#,#,,#,280 Test Address Moyers London,test@testemail.com,1,1,Sunday,3:00 PM,3:00 PM,Monday,3:00 PM,3:00 PM,Tuesday,3:00 PM,3:00 PM,Wednesday,3:00 PM,3:00 PM,Thursday,3:00 PM,3:00 PM,Friday,3:00 PM,3:00 PM,Saturday,3:00 PM,3:00 PM,Tag Line Goes Here...,0044 202 123456,,0044 202 123456,0044 202 123456
190,MyPocket,professional,My Pocket,ATM,MyPocket,My Pocket ATM,mypocket,dum68@chimpgroup.com,http://directory.chimpgroup.com,,,,"That sneered vivaciously that thus hey porpoise uncritical gosh and much and this haughtily broadcast goodness ponderous squid darn in sheepish yet the slapped mildly and adventurously sincere less dalmatian assentingly wherever left ethereal the underneath oh lustily arduously that a groggily some vexedly broadcast sheepish. That sneered vivaciously that thus hey porpoise uncritical gosh and much and this haughtily broadcast goodness ponderous squid darn in sheepish yet the slapped mildly and adventurously sincere less dalmatian assentingly wherever left ethereal the underneath oh lustily arduously that a groggily some vexedly broadcast sheepish.

That sneered vivaciously that thus hey porpoise uncritical gosh and much and this haughtily broadcast goodness ponderous squid darn in sheepish yet the slapped mildly and adventurously sincere less dalmatian assentingly wherever left ethereal the underneath oh lustily arduously that a groggily some vexedly broadcast sheepish.",2/3/2015 11:41,1,,,#,#,#,#,#,#,,#,281 Test Address Moyers London,test@testemail.com,1,1,Sunday,4:00 PM,4:00 PM,Monday,4:00 PM,4:00 PM,Tuesday,4:00 PM,4:00 PM,Wednesday,4:00 PM,4:00 PM,Thursday,4:00 PM,4:00 PM,Friday,4:00 PM,4:00 PM,Saturday,4:00 PM,4:00 PM,Tag Line Goes Here...,0044 202 123456,,0044 202 123456,0044 202 123456
191,LondonGuide,professional,My London,Guide,LondonGuide,My London Guide,londonguide,dum69@chimpgroup.com,http://directory.chimpgroup.com,,,,"That sneered vivaciously that thus hey porpoise uncritical gosh and much and this haughtily broadcast goodness ponderous squid darn in sheepish yet the slapped mildly and adventurously sincere less dalmatian assentingly wherever left ethereal the underneath oh lustily arduously that a groggily some vexedly broadcast sheepish. That sneered vivaciously that thus hey porpoise uncritical gosh and much and this haughtily broadcast goodness ponderous squid darn in sheepish yet the slapped mildly and adventurously sincere less dalmatian assentingly wherever left ethereal the underneath oh lustily arduously that a groggily some vexedly broadcast sheepish.

That sneered vivaciously that thus hey porpoise uncritical gosh and much and this haughtily broadcast goodness ponderous squid darn in sheepish yet the slapped mildly and adventurously sincere less dalmatian assentingly wherever left ethereal the underneath oh lustily arduously that a groggily some vexedly broadcast sheepish.",2/3/2015 11:41,1,,,#,#,#,#,#,#,,#,282 Test Address Moyers London,test@testemail.com,1,1,Sunday,5:00 PM,5:00 PM,Monday,5:00 PM,5:00 PM,Tuesday,5:00 PM,5:00 PM,Wednesday,5:00 PM,5:00 PM,Thursday,5:00 PM,5:00 PM,Friday,5:00 PM,5:00 PM,Saturday,5:00 PM,5:00 PM,Tag Line Goes Here...,0044 202 123456,,0044 202 123456,0044 202 123456
192,MVDMusic,professional,MVD,Music,MVDMusic,MVD Music,mvdmusic,dum70@chimpgroup.com,http://directory.chimpgroup.com,,,,"That sneered vivaciously that thus hey porpoise uncritical gosh and much and this haughtily broadcast goodness ponderous squid darn in sheepish yet the slapped mildly and adventurously sincere less dalmatian assentingly wherever left ethereal the underneath oh lustily arduously that a groggily some vexedly broadcast sheepish. That sneered vivaciously that thus hey porpoise uncritical gosh and much and this haughtily broadcast goodness ponderous squid darn in sheepish yet the slapped mildly and adventurously sincere less dalmatian assentingly wherever left ethereal the underneath oh lustily arduously that a groggily some vexedly broadcast sheepish.

That sneered vivaciously that thus hey porpoise uncritical gosh and much and this haughtily broadcast goodness ponderous squid darn in sheepish yet the slapped mildly and adventurously sincere less dalmatian assentingly wherever left ethereal the underneath oh lustily arduously that a groggily some vexedly broadcast sheepish.",2/3/2015 11:41,1,,,#,#,#,#,#,#,,#,283 Test Address Moyers London,test@testemail.com,1,1,Sunday,6:00 PM,6:00 PM,Monday,6:00 PM,6:00 PM,Tuesday,6:00 PM,6:00 PM,Wednesday,6:00 PM,6:00 PM,Thursday,6:00 PM,6:00 PM,Friday,6:00 PM,6:00 PM,Saturday,6:00 PM,6:00 PM,Tag Line Goes Here...,0044 202 123456,,0044 202 123456,0044 202 123456
193,MassClick,professional,Mass Click,Expert,MassClick,Mass Click Expert,massclick,dum71@chimpgroup.com,http://directory.chimpgroup.com,,,,"That sneered vivaciously that thus hey porpoise uncritical gosh and much and this haughtily broadcast goodness ponderous squid darn in sheepish yet the slapped mildly and adventurously sincere less dalmatian assentingly wherever left ethereal the underneath oh lustily arduously that a groggily some vexedly broadcast sheepish. That sneered vivaciously that thus hey porpoise uncritical gosh and much and this haughtily broadcast goodness ponderous squid darn in sheepish yet the slapped mildly and adventurously sincere less dalmatian assentingly wherever left ethereal the underneath oh lustily arduously that a groggily some vexedly broadcast sheepish.

That sneered vivaciously that thus hey porpoise uncritical gosh and much and this haughtily broadcast goodness ponderous squid darn in sheepish yet the slapped mildly and adventurously sincere less dalmatian assentingly wherever left ethereal the underneath oh lustily arduously that a groggily some vexedly broadcast sheepish.",2/3/2015 11:41,1,,,#,#,#,#,#,#,,#,284 Test Address Moyers London,test@testemail.com,1,1,Sunday,7:00 PM,7:00 PM,Monday,7:00 PM,7:00 PM,Tuesday,7:00 PM,7:00 PM,Wednesday,7:00 PM,7:00 PM,Thursday,7:00 PM,7:00 PM,Friday,7:00 PM,7:00 PM,Saturday,7:00 PM,7:00 PM,Tag Line Goes Here...,0044 202 123456,,0044 202 123456,0044 202 123456
194,LovingCut,professional,Loving,Cut,LovingCut,Loving Cut,lovingcut,dum72@chimpgroup.com,http://directory.chimpgroup.com,,,,"That sneered vivaciously that thus hey porpoise uncritical gosh and much and this haughtily broadcast goodness ponderous squid darn in sheepish yet the slapped mildly and adventurously sincere less dalmatian assentingly wherever left ethereal the underneath oh lustily arduously that a groggily some vexedly broadcast sheepish. That sneered vivaciously that thus hey porpoise uncritical gosh and much and this haughtily broadcast goodness ponderous squid darn in sheepish yet the slapped mildly and adventurously sincere less dalmatian assentingly wherever left ethereal the underneath oh lustily arduously that a groggily some vexedly broadcast sheepish.

That sneered vivaciously that thus hey porpoise uncritical gosh and much and this haughtily broadcast goodness ponderous squid darn in sheepish yet the slapped mildly and adventurously sincere less dalmatian assentingly wherever left ethereal the underneath oh lustily arduously that a groggily some vexedly broadcast sheepish.",2/3/2015 11:41,1,,,#,#,#,#,#,#,,#,285 Test Address Moyers London,test@testemail.com,1,1,Sunday,8:00 PM,8:00 PM,Monday,8:00 PM,8:00 PM,Tuesday,8:00 PM,8:00 PM,Wednesday,8:00 PM,8:00 PM,Thursday,8:00 PM,8:00 PM,Friday,8:00 PM,8:00 PM,Saturday,8:00 PM,8:00 PM,Tag Line Goes Here...,0044 202 123456,,0044 202 123456,0044 202 123456
195,LobbyTV,professional,Lobby,TV,LobbyTV,Lobby TV,lobbytv,dum73@chimpgroup.com,http://directory.chimpgroup.com,,,,"That sneered vivaciously that thus hey porpoise uncritical gosh and much and this haughtily broadcast goodness ponderous squid darn in sheepish yet the slapped mildly and adventurously sincere less dalmatian assentingly wherever left ethereal the underneath oh lustily arduously that a groggily some vexedly broadcast sheepish. That sneered vivaciously that thus hey porpoise uncritical gosh and much and this haughtily broadcast goodness ponderous squid darn in sheepish yet the slapped mildly and adventurously sincere less dalmatian assentingly wherever left ethereal the underneath oh lustily arduously that a groggily some vexedly broadcast sheepish.

That sneered vivaciously that thus hey porpoise uncritical gosh and much and this haughtily broadcast goodness ponderous squid darn in sheepish yet the slapped mildly and adventurously sincere less dalmatian assentingly wherever left ethereal the underneath oh lustily arduously that a groggily some vexedly broadcast sheepish.",2/3/2015 11:41,1,,,#,#,#,#,#,#,,#,286 Test Address Moyers London,test@testemail.com,1,1,Sunday,9:00 PM,9:00 PM,Monday,9:00 PM,9:00 PM,Tuesday,9:00 PM,9:00 PM,Wednesday,9:00 PM,9:00 PM,Thursday,9:00 PM,9:00 PM,Friday,9:00 PM,9:00 PM,Saturday,9:00 PM,9:00 PM,Tag Line Goes Here...,0044 202 123456,,0044 202 123456,0044 202 123456
196,LesCheneaux,professional,Les,Cheneaux,LesCheneaux,Les Cheneaux,lescheneaux,dum74@chimpgroup.com,http://directory.chimpgroup.com,,,,"That sneered vivaciously that thus hey porpoise uncritical gosh and much and this haughtily broadcast goodness ponderous squid darn in sheepish yet the slapped mildly and adventurously sincere less dalmatian assentingly wherever left ethereal the underneath oh lustily arduously that a groggily some vexedly broadcast sheepish. That sneered vivaciously that thus hey porpoise uncritical gosh and much and this haughtily broadcast goodness ponderous squid darn in sheepish yet the slapped mildly and adventurously sincere less dalmatian assentingly wherever left ethereal the underneath oh lustily arduously that a groggily some vexedly broadcast sheepish.

That sneered vivaciously that thus hey porpoise uncritical gosh and much and this haughtily broadcast goodness ponderous squid darn in sheepish yet the slapped mildly and adventurously sincere less dalmatian assentingly wherever left ethereal the underneath oh lustily arduously that a groggily some vexedly broadcast sheepish.",2/3/2015 11:42,1,,,#,#,#,#,#,#,,#,287 Test Address Moyers London,test@testemail.com,1,1,Sunday,10:00 PM,10:00 PM,Monday,10:00 PM,10:00 PM,Tuesday,10:00 PM,10:00 PM,Wednesday,10:00 PM,10:00 PM,Thursday,10:00 PM,10:00 PM,Friday,10:00 PM,10:00 PM,Saturday,10:00 PM,10:00 PM,Tag Line Goes Here...,0044 202 123456,,0044 202 123456,0044 202 123456
197,LadyIgraine,professional,Lady,Igraine,LadyIgraine,Lady Igraine,ladyigraine,dum75@chimpgroup.com,http://directory.chimpgroup.com,,,,"That sneered vivaciously that thus hey porpoise uncritical gosh and much and this haughtily broadcast goodness ponderous squid darn in sheepish yet the slapped mildly and adventurously sincere less dalmatian assentingly wherever left ethereal the underneath oh lustily arduously that a groggily some vexedly broadcast sheepish. That sneered vivaciously that thus hey porpoise uncritical gosh and much and this haughtily broadcast goodness ponderous squid darn in sheepish yet the slapped mildly and adventurously sincere less dalmatian assentingly wherever left ethereal the underneath oh lustily arduously that a groggily some vexedly broadcast sheepish.

That sneered vivaciously that thus hey porpoise uncritical gosh and much and this haughtily broadcast goodness ponderous squid darn in sheepish yet the slapped mildly and adventurously sincere less dalmatian assentingly wherever left ethereal the underneath oh lustily arduously that a groggily some vexedly broadcast sheepish.",2/3/2015 11:42,1,,,#,#,#,#,#,#,,#,288 Test Address Moyers London,test@testemail.com,1,1,Sunday,11:00 PM,11:00 PM,Monday,11:00 PM,11:00 PM,Tuesday,11:00 PM,11:00 PM,Wednesday,11:00 PM,11:00 PM,Thursday,11:00 PM,11:00 PM,Friday,11:00 PM,11:00 PM,Saturday,11:00 PM,11:00 PM,Tag Line Goes Here...,0044 202 123456,,0044 202 123456,0044 202 123456
198,LASports,professional,LA,Sports,LASports,LA Sports,lasports,dum76@chimpgroup.com,http://directory.chimpgroup.com,,,,"That sneered vivaciously that thus hey porpoise uncritical gosh and much and this haughtily broadcast goodness ponderous squid darn in sheepish yet the slapped mildly and adventurously sincere less dalmatian assentingly wherever left ethereal the underneath oh lustily arduously that a groggily some vexedly broadcast sheepish. That sneered vivaciously that thus hey porpoise uncritical gosh and much and this haughtily broadcast goodness ponderous squid darn in sheepish yet the slapped mildly and adventurously sincere less dalmatian assentingly wherever left ethereal the underneath oh lustily arduously that a groggily some vexedly broadcast sheepish.

That sneered vivaciously that thus hey porpoise uncritical gosh and much and this haughtily broadcast goodness ponderous squid darn in sheepish yet the slapped mildly and adventurously sincere less dalmatian assentingly wherever left ethereal the underneath oh lustily arduously that a groggily some vexedly broadcast sheepish.",2/3/2015 11:42,1,,,#,#,#,#,#,#,,#,289 Test Address Moyers London,test@testemail.com,1,1,Sunday,12:00 AM,12:00 AM,Monday,12:00 AM,12:00 AM,Tuesday,12:00 AM,12:00 AM,Wednesday,12:00 AM,12:00 AM,Thursday,12:00 AM,12:00 AM,Friday,12:00 AM,12:00 AM,Saturday,12:00 AM,12:00 AM,Tag Line Goes Here...,0044 202 123456,,0044 202 123456,0044 202 123456
199,KrowdFunding,professional,Krowd,Funding,KrowdFunding,Krowd Funding,krowdfunding,dum77@chimpgroup.com,http://directory.chimpgroup.com,,,,"That sneered vivaciously that thus hey porpoise uncritical gosh and much and this haughtily broadcast goodness ponderous squid darn in sheepish yet the slapped mildly and adventurously sincere less dalmatian assentingly wherever left ethereal the underneath oh lustily arduously that a groggily some vexedly broadcast sheepish. That sneered vivaciously that thus hey porpoise uncritical gosh and much and this haughtily broadcast goodness ponderous squid darn in sheepish yet the slapped mildly and adventurously sincere less dalmatian assentingly wherever left ethereal the underneath oh lustily arduously that a groggily some vexedly broadcast sheepish.

That sneered vivaciously that thus hey porpoise uncritical gosh and much and this haughtily broadcast goodness ponderous squid darn in sheepish yet the slapped mildly and adventurously sincere less dalmatian assentingly wherever left ethereal the underneath oh lustily arduously that a groggily some vexedly broadcast sheepish.",2/3/2015 11:42,1,,,#,#,#,#,#,#,,#,290 Test Address Moyers London,test@testemail.com,1,1,Sunday,1:00 AM,1:00 AM,Monday,1:00 AM,1:00 AM,Tuesday,1:00 AM,1:00 AM,Wednesday,1:00 AM,1:00 AM,Thursday,1:00 AM,1:00 AM,Friday,1:00 AM,1:00 AM,Saturday,1:00 AM,1:00 AM,Tag Line Goes Here...,0044 202 123456,,0044 202 123456,0044 202 123456
200,Knowledge,professional,Knowledge,LY,Knowledge,Knowledge LY,knowledge,dum78@chimpgroup.com,http://directory.chimpgroup.com,,,,"That sneered vivaciously that thus hey porpoise uncritical gosh and much and this haughtily broadcast goodness ponderous squid darn in sheepish yet the slapped mildly and adventurously sincere less dalmatian assentingly wherever left ethereal the underneath oh lustily arduously that a groggily some vexedly broadcast sheepish. That sneered vivaciously that thus hey porpoise uncritical gosh and much and this haughtily broadcast goodness ponderous squid darn in sheepish yet the slapped mildly and adventurously sincere less dalmatian assentingly wherever left ethereal the underneath oh lustily arduously that a groggily some vexedly broadcast sheepish.

That sneered vivaciously that thus hey porpoise uncritical gosh and much and this haughtily broadcast goodness ponderous squid darn in sheepish yet the slapped mildly and adventurously sincere less dalmatian assentingly wherever left ethereal the underneath oh lustily arduously that a groggily some vexedly broadcast sheepish.",2/3/2015 11:42,1,,,#,#,#,#,#,#,,#,291 Test Address Moyers London,test@testemail.com,1,1,Sunday,2:00 AM,2:00 AM,Monday,2:00 AM,2:00 AM,Tuesday,2:00 AM,2:00 AM,Wednesday,2:00 AM,2:00 AM,Thursday,2:00 AM,2:00 AM,Friday,2:00 AM,2:00 AM,Saturday,2:00 AM,2:00 AM,Tag Line Goes Here...,0044 202 123456,,0044 202 123456,0044 202 123456
201,Kinetic,professional,Kinetic,Dog Tr,Kinetic,Kinetic Dog Tr,kinetic,dum79@chimpgroup.com,http://directory.chimpgroup.com,,,,"That sneered vivaciously that thus hey porpoise uncritical gosh and much and this haughtily broadcast goodness ponderous squid darn in sheepish yet the slapped mildly and adventurously sincere less dalmatian assentingly wherever left ethereal the underneath oh lustily arduously that a groggily some vexedly broadcast sheepish. That sneered vivaciously that thus hey porpoise uncritical gosh and much and this haughtily broadcast goodness ponderous squid darn in sheepish yet the slapped mildly and adventurously sincere less dalmatian assentingly wherever left ethereal the underneath oh lustily arduously that a groggily some vexedly broadcast sheepish.

That sneered vivaciously that thus hey porpoise uncritical gosh and much and this haughtily broadcast goodness ponderous squid darn in sheepish yet the slapped mildly and adventurously sincere less dalmatian assentingly wherever left ethereal the underneath oh lustily arduously that a groggily some vexedly broadcast sheepish.",2/3/2015 11:42,1,,,#,#,#,#,#,#,,#,292 Test Address Moyers London,test@testemail.com,1,1,Sunday,3:00 AM,3:00 AM,Monday,3:00 AM,3:00 AM,Tuesday,3:00 AM,3:00 AM,Wednesday,3:00 AM,3:00 AM,Thursday,3:00 AM,3:00 AM,Friday,3:00 AM,3:00 AM,Saturday,3:00 AM,3:00 AM,Tag Line Goes Here...,0044 202 123456,,0044 202 123456,0044 202 123456
202,novictor,professional,Novictor,Aviation,novictor,Novictor Aviation,novictor,dum67@chimpgroup.com,http://directory.chimpgroup.com,,,,"That sneered vivaciously that thus hey porpoise uncritical gosh and much and this haughtily broadcast goodness ponderous squid darn in sheepish yet the slapped mildly and adventurously sincere less dalmatian assentingly wherever left ethereal the underneath oh lustily arduously that a groggily some vexedly broadcast sheepish. That sneered vivaciously that thus hey porpoise uncritical gosh and much and this haughtily broadcast goodness ponderous squid darn in sheepish yet the slapped mildly and adventurously sincere less dalmatian assentingly wherever left ethereal the underneath oh lustily arduously that a groggily some vexedly broadcast sheepish.

That sneered vivaciously that thus hey porpoise uncritical gosh and much and this haughtily broadcast goodness ponderous squid darn in sheepish yet the slapped mildly and adventurously sincere less dalmatian assentingly wherever left ethereal the underneath oh lustily arduously that a groggily some vexedly broadcast sheepish.",2/3/2015 11:43,1,,,#,#,#,#,#,#,,#,293 Test Address Moyers London,test@testemail.com,1,1,Sunday,4:00 AM,4:00 AM,Monday,4:00 AM,4:00 AM,Tuesday,4:00 AM,4:00 AM,Wednesday,4:00 AM,4:00 AM,Thursday,4:00 AM,4:00 AM,Friday,4:00 AM,4:00 AM,Saturday,4:00 AM,4:00 AM,Tag Line Goes Here...,0044 202 123456,,0044 202 123456,0044 202 123456
